瘤痢,瘤痢疙,老矫,弥绊扁柯(∑C),老碍荐樊(mm),乞闭 惑措嚼档(%),钦拌 老炼矫埃(hr)
192,柳林,2016-02-01,5,,43.9,9.1
192,柳林,2016-02-02,6.2,,47.5,9.5
192,柳林,2016-02-03,7.7,,57.1,9.5
192,柳林,2016-02-04,7.7,,53.4,6.3
192,柳林,2016-02-05,9.6,,44.4,9.6
192,柳林,2016-02-06,5.9,,48.3,9.7
192,柳林,2016-02-07,7.1,,50.9,9.7
192,柳林,2016-02-08,8.5,,47.6,9.7
192,柳林,2016-02-09,9.3,,26.1,9.9
192,柳林,2016-02-10,12,,47.5,9.9
192,柳林,2016-02-11,14.4,,57.1,6.8
192,柳林,2016-02-12,14.4,62.8,88,0
192,柳林,2016-02-13,15.3,9.9,90.5,0
192,柳林,2016-02-14,14.6,,53.6,2.6
192,柳林,2016-02-15,2.3,,38.4,10.1
192,柳林,2016-02-16,5.4,,59.6,6.5
192,柳林,2016-02-17,8.1,,49.8,10.3
192,柳林,2016-02-18,10.3,,61.8,9.9
192,柳林,2016-02-19,13.7,,58.9,6.8
192,柳林,2016-02-20,12.7,,42.9,5.6
192,柳林,2016-02-21,8.2,,35.8,10.1
192,柳林,2016-02-22,7,,45.5,.2
192,柳林,2016-02-23,11.9,,39.5,8
192,柳林,2016-02-24,7.1,,29.9,10.4
192,柳林,2016-02-25,7.6,,32.8,10.5
192,柳林,2016-02-26,8.3,,61,5.1
192,柳林,2016-02-27,14.2,.7,49.8,9.3
192,柳林,2016-02-28,13.6,3,67.1,4.6
192,柳林,2016-02-29,3.5,,43.8,7.1
192,柳林,2016-03-01,6.8,,44,10.8
192,柳林,2016-03-02,11.8,,49.6,10.7
192,柳林,2016-03-03,16,0,61.9,10.4
192,柳林,2016-03-04,9.7,36.1,88.4,0
192,柳林,2016-03-05,15.7,43.1,87.6,0
192,柳林,2016-03-06,19.5,1.3,81.5,4.3
192,柳林,2016-03-07,17.7,,67.8,5.1
192,柳林,2016-03-08,11.3,3.3,65.1,0
192,柳林,2016-03-09,12.6,6.8,56.6,6.6
192,柳林,2016-03-10,8.5,,33,9.1
192,柳林,2016-03-11,8.4,,34.1,10.9
192,柳林,2016-03-12,10.1,,43.9,10.8
192,柳林,2016-03-13,8.8,,51.3,0
192,柳林,2016-03-14,13.9,,50.5,10.6
192,柳林,2016-03-15,14.5,,49.1,9.7
192,柳林,2016-03-16,16.7,,53.1,8.8
192,柳林,2016-03-17,18.7,,55.3,9.5
192,柳林,2016-03-18,12.1,27.6,89.3,0
192,柳林,2016-03-19,18.9,,71.5,5.7
192,柳林,2016-03-20,13.6,,68.3,.3
192,柳林,2016-03-21,16.6,,62.5,10.1
192,柳林,2016-03-22,18.4,,64.5,9.4
192,柳林,2016-03-23,17.2,,52.3,9.7
192,柳林,2016-03-24,12.6,0,45.6,5.9
192,柳林,2016-03-25,11.5,2.8,70.8,3.7
192,柳林,2016-03-26,13.4,,56.1,9
192,柳林,2016-03-27,15.4,,53.4,9.6
192,柳林,2016-03-28,17.5,,49.9,11.2
192,柳林,2016-03-29,15.9,,60,4.3
192,柳林,2016-03-30,21.6,,53.6,9.4
192,柳林,2016-03-31,20.9,,61.9,5.4
192,柳林,2016-04-01,24.3,,57.3,10.9
192,柳林,2016-04-02,20.1,,68.8,8.2
192,柳林,2016-04-03,13.5,37.8,86.6,0
192,柳林,2016-04-04,13.8,2.6,81.9,0
192,柳林,2016-04-05,20.2,,66.8,8.6
192,柳林,2016-04-06,20.5,26.1,64.9,4
192,柳林,2016-04-07,17.6,28.7,82.5,1.8
192,柳林,2016-04-08,23,,60.3,9.4
192,柳林,2016-04-09,24,,55.8,9.9
192,柳林,2016-04-10,22.9,,62.9,9.4
192,柳林,2016-04-11,12.6,,66,0
192,柳林,2016-04-12,18.6,3.1,58.6,6.6
192,柳林,2016-04-13,15.4,37.7,90.3,0
192,柳林,2016-04-14,25.8,,57.6,10.4
192,柳林,2016-04-15,21.2,,59.3,12
192,柳林,2016-04-16,18.8,77.5,78.5,.8
192,柳林,2016-04-17,19.8,3.9,44.1,12.1
192,柳林,2016-04-18,20.7,,43,8.4
192,柳林,2016-04-19,21,,46.5,12.2
192,柳林,2016-04-20,21,,58.8,8.2
192,柳林,2016-04-21,17.3,33.2,89,.5
192,柳林,2016-04-22,24.5,,70.9,8.1
192,柳林,2016-04-23,20.7,,56.3,.5
192,柳林,2016-04-24,23.8,,54.9,9.6
192,柳林,2016-04-25,26.3,,51.6,12.1
192,柳林,2016-04-26,25.6,1.2,61.4,7.7
192,柳林,2016-04-27,14.7,42.9,84.5,.1
192,柳林,2016-04-28,19.5,5,77.1,1.3
192,柳林,2016-04-29,20.6,,63.3,10.7
192,柳林,2016-04-30,23.1,,57.5,11.4
192,柳林,2016-05-01,23.9,,61.5,12.1
192,柳林,2016-05-02,23.5,0,74.8,4.5
192,柳林,2016-05-03,20.8,80.6,66.6,4.1
192,柳林,2016-05-04,24.9,,32.4,12.8
192,柳林,2016-05-05,24.2,,47.8,9.1
192,柳林,2016-05-06,21,3.9,85.1,.6
192,柳林,2016-05-07,25.2,,50.4,9.3
192,柳林,2016-05-08,23.4,,52.1,8
192,柳林,2016-05-09,22,,54.9,.4
192,柳林,2016-05-10,17.3,31.3,86,0
192,柳林,2016-05-11,21.7,.1,72.3,9.3
192,柳林,2016-05-12,24.1,,63.4,12
192,柳林,2016-05-13,23.3,,71.8,5.7
192,柳林,2016-05-14,24.5,,63.3,11.7
192,柳林,2016-05-15,22.9,2.9,79.9,1
192,柳林,2016-05-16,22.6,6,58.1,8.8
192,柳林,2016-05-17,27.8,,53.8,12.9
192,柳林,2016-05-18,31,,56.8,13.1
192,柳林,2016-05-19,29.2,,58.6,11.9
192,柳林,2016-05-20,28.7,,55.4,12.3
192,柳林,2016-05-21,28,,54,11.3
192,柳林,2016-05-22,29.1,,51.8,12.5
192,柳林,2016-05-23,27.6,,56.8,12.2
192,柳林,2016-05-24,20.4,25.6,86.5,0
192,柳林,2016-05-25,27,,68.1,12.3
192,柳林,2016-05-26,27.7,0,64.9,6.4
192,柳林,2016-05-27,29.2,0,56.8,7.5
192,柳林,2016-05-28,27,0,66.3,5.6
192,柳林,2016-05-29,26,3.5,74.1,3.8
192,柳林,2016-05-30,31.1,,58.9,12.7
192,柳林,2016-05-31,29.8,,62.4,8.1
192,柳林,2016-06-01,26.3,,57.4,8.9
192,柳林,2016-06-02,27.3,,56,13.1
192,柳林,2016-06-03,28.3,,54.5,10.4
192,柳林,2016-06-04,22.2,11.1,80.8,0
192,柳林,2016-06-05,27.3,,60.9,9.4
192,柳林,2016-06-06,19.7,1,80.3,0
192,柳林,2016-06-07,26.7,0,76.9,4.7
192,柳林,2016-06-08,24.6,,80,0
192,柳林,2016-06-09,28.2,,76.9,5.6
192,柳林,2016-06-10,28.6,,71.5,7.4
192,柳林,2016-06-11,28.2,,75.6,7.6
192,柳林,2016-06-12,25.1,.1,84.4,0
192,柳林,2016-06-13,28.5,,73.4,5.6
192,柳林,2016-06-14,28,,70.4,9.7
192,柳林,2016-06-15,24.2,0,78.6,.2
192,柳林,2016-06-16,28.7,0,65.6,2.1
192,柳林,2016-06-17,30.6,,62.9,13.1
192,柳林,2016-06-18,28.6,6,70.3,9.6
192,柳林,2016-06-19,30.8,1.2,71,8.7
192,柳林,2016-06-20,26.4,5.2,84.6,1.7
192,柳林,2016-06-21,25.4,2,86,.1
192,柳林,2016-06-22,22.7,11.8,88.3,0
192,柳林,2016-06-23,29.6,,71.6,9.6
192,柳林,2016-06-24,28,73.6,79.9,1.8
192,柳林,2016-06-25,28.1,,57.8,8.8
192,柳林,2016-06-26,30.1,,62,13
192,柳林,2016-06-27,24.6,.1,81.8,2.3
192,柳林,2016-06-28,25.7,,73,3.5
192,柳林,2016-06-29,25,1.7,78.4,1.2
192,柳林,2016-06-30,29,,78.3,6.2
192,柳林,2016-07-01,25.5,43.1,84.6,.2
192,柳林,2016-07-02,26.2,13.9,84.6,.2
192,柳林,2016-07-03,23.7,53.8,89.8,.1
192,柳林,2016-07-04,27.9,.5,88.3,.2
192,柳林,2016-07-05,29.7,.1,80.9,7
192,柳林,2016-07-06,30.3,9.3,78.6,5.4
192,柳林,2016-07-07,31.1,,78.1,7.2
192,柳林,2016-07-08,30.9,,74.9,7.3
192,柳林,2016-07-09,32.8,,74.1,8.6
192,柳林,2016-07-10,31.3,,76.4,3.8
192,柳林,2016-07-11,27.7,2.2,84.9,0
192,柳林,2016-07-12,26.9,4.2,86.8,.9
192,柳林,2016-07-13,30.2,,80.1,5.6
192,柳林,2016-07-14,33,,67.1,10.5
192,柳林,2016-07-15,30.2,0,64.9,9.5
192,柳林,2016-07-16,23.8,5.5,86.4,.4
192,柳林,2016-07-17,30.7,,73.9,10.1
192,柳林,2016-07-18,30,,72.6,9.6
192,柳林,2016-07-19,30.6,,74.5,4.2
192,柳林,2016-07-20,30.5,,67.8,5
192,柳林,2016-07-21,30.1,,71.8,6.2
192,柳林,2016-07-22,28.9,,75.5,1.9
192,柳林,2016-07-23,30.9,,70.5,11.7
192,柳林,2016-07-24,32.5,,74.3,10.3
192,柳林,2016-07-25,33.4,28.4,76.4,4.9
192,柳林,2016-07-26,32.7,,74.5,12.5
192,柳林,2016-07-27,32.9,,71.6,9.5
192,柳林,2016-07-28,32.5,,73.6,9
192,柳林,2016-07-29,34.1,,74.6,11
192,柳林,2016-07-30,35.2,,69.9,11.5
192,柳林,2016-07-31,35.2,0,68,9.7
192,柳林,2016-08-01,34.2,1.6,73.9,9.1
192,柳林,2016-08-02,33,10.2,78.9,4.2
192,柳林,2016-08-03,31.3,.5,78.3,4
192,柳林,2016-08-04,32.4,,73.6,8.4
192,柳林,2016-08-05,33.7,,69.8,11.3
192,柳林,2016-08-06,34.9,,67.5,11.5
192,柳林,2016-08-07,34.4,,69.8,11.9
192,柳林,2016-08-08,36.2,.4,73,10.1
192,柳林,2016-08-09,33,0,73.8,5.6
192,柳林,2016-08-10,35.3,,67,11.3
192,柳林,2016-08-11,37.5,,67.1,10.8
192,柳林,2016-08-12,36.4,,66.3,11.5
192,柳林,2016-08-13,36.5,,64.4,12
192,柳林,2016-08-14,37.2,,64.6,11.2
192,柳林,2016-08-15,34.6,11,76.6,5.1
192,柳林,2016-08-16,33.9,,76,3.7
192,柳林,2016-08-17,34.1,13.9,78.3,6.5
192,柳林,2016-08-18,33.8,,71.6,8.6
192,柳林,2016-08-19,34.2,,68.9,11
192,柳林,2016-08-20,34.6,,65,11.8
192,柳林,2016-08-21,34.2,,63,11.8
192,柳林,2016-08-22,35.7,.2,65.3,10.3
192,柳林,2016-08-23,31.1,1.1,73,4
192,柳林,2016-08-24,34.6,,59,11.7
192,柳林,2016-08-25,34.3,,69,11.9
192,柳林,2016-08-26,29.7,3.8,80.6,.2
192,柳林,2016-08-27,28.4,.2,57.4,4.4
192,柳林,2016-08-28,21.7,31.8,82.9,.6
192,柳林,2016-08-29,27.1,.1,61.1,11.7
192,柳林,2016-08-30,25.6,,55.1,5.1
192,柳林,2016-08-31,29,0,43.6,11.5
192,柳林,2016-09-01,30.5,20.8,64.3,11
192,柳林,2016-09-02,21.8,76.4,89.8,0
192,柳林,2016-09-03,26.2,44.1,88.4,.7
192,柳林,2016-09-04,29.2,17.1,86,1.9
192,柳林,2016-09-05,29.5,.5,82.9,3
192,柳林,2016-09-06,27.3,0,81.4,.6
192,柳林,2016-09-07,27.2,0,79.5,.7
192,柳林,2016-09-08,29.7,,68.1,10.9
192,柳林,2016-09-09,29.5,,74,6.7
192,柳林,2016-09-10,27.5,1.6,78.4,2.6
192,柳林,2016-09-11,26.5,1.6,79.6,1.2
192,柳林,2016-09-12,24.6,8.5,84.9,1
192,柳林,2016-09-13,28.3,,74.6,11.3
192,柳林,2016-09-14,27.7,,77.3,6.8
192,柳林,2016-09-15,29.6,,73.9,6.5
192,柳林,2016-09-16,24.3,2.7,86.1,.1
192,柳林,2016-09-17,21.2,174.5,90,0
192,柳林,2016-09-18,21.4,4.5,85.1,0
192,柳林,2016-09-19,24.2,0,62.5,2.2
192,柳林,2016-09-20,24.5,,57,9.2
192,柳林,2016-09-21,23.9,,68.4,6.8
192,柳林,2016-09-22,23.7,,75,.7
192,柳林,2016-09-23,27.2,,74.1,8.5
192,柳林,2016-09-24,28.8,,73.3,10.3
192,柳林,2016-09-25,27.6,,75.8,4.4
192,柳林,2016-09-26,25.9,3.8,82.4,.2
192,柳林,2016-09-27,29.5,,82,2.3
192,柳林,2016-09-28,24.5,16.7,90,.3
192,柳林,2016-09-29,20.4,4,86.4,0
192,柳林,2016-09-30,18.6,30.7,88.5,0
192,柳林,2016-10-01,22.4,.5,86.6,.1
192,柳林,2016-10-02,25.1,.5,86.4,.6
192,柳林,2016-10-03,28,,83.6,3.3
192,柳林,2016-10-04,28.4,1.9,72.1,7.4
192,柳林,2016-10-05,27.8,82.2,81.4,3.9
192,柳林,2016-10-06,27.4,,68.5,10.5
192,柳林,2016-10-07,22.6,1.6,79.9,1.7
192,柳林,2016-10-08,19.6,26.8,85.6,0
192,柳林,2016-10-09,20.8,,52.8,10.6
192,柳林,2016-10-10,20.4,,69.9,5
192,柳林,2016-10-11,19.6,,78.4,.8
192,柳林,2016-10-12,23.9,,69.9,8.2
192,柳林,2016-10-13,19.7,,79.1,.3
192,柳林,2016-10-14,23.9,,72.1,10
192,柳林,2016-10-15,23.4,,75.9,8.3
192,柳林,2016-10-16,16.3,41.7,90.8,0
192,柳林,2016-10-17,24.8,,84.3,4.6
192,柳林,2016-10-18,22.4,,78.6,4.2
192,柳林,2016-10-19,23.8,,79.6,8
192,柳林,2016-10-20,22.2,,78.1,3.3
192,柳林,2016-10-21,18.5,0,70.3,0
192,柳林,2016-10-22,21.1,0,72.3,3.7
192,柳林,2016-10-23,17.7,,64.6,.5
192,柳林,2016-10-24,19.9,,63.4,8.4
192,柳林,2016-10-25,21.9,3.5,82.6,3.3
192,柳林,2016-10-26,20.1,,77.6,4.7
192,柳林,2016-10-27,19,,70.6,.6
192,柳林,2016-10-28,15.5,10.7,81.4,.1
192,柳林,2016-10-29,16,,68.3,1.7
192,柳林,2016-10-30,16.2,,64.8,7.8
192,柳林,2016-10-31,10.5,.7,80.9,.2
192,柳林,2016-11-01,12.8,,50.9,9.8
192,柳林,2016-11-02,14.3,,56.3,9.8
192,柳林,2016-11-03,16.3,,73.1,8.7
192,柳林,2016-11-04,17.5,,69,9.2
192,柳林,2016-11-05,20.9,,77.9,7.5
192,柳林,2016-11-06,16.2,,75.6,1
192,柳林,2016-11-07,18.4,,71.9,8
192,柳林,2016-11-08,15.6,0,54.8,5.3
192,柳林,2016-11-09,13,,46.9,9.3
192,柳林,2016-11-10,15.3,0,64.3,3.3
192,柳林,2016-11-11,17.4,,69.5,9
192,柳林,2016-11-12,18.8,,72.1,8
192,柳林,2016-11-13,16.2,1.1,80.6,2
192,柳林,2016-11-14,16.3,4,90.4,.2
192,柳林,2016-11-15,18.9,,56,8.5
192,柳林,2016-11-16,16.5,,61,8.6
192,柳林,2016-11-17,17.8,,61.9,7.2
192,柳林,2016-11-18,16.3,25,81.6,3.3
192,柳林,2016-11-19,19.1,.6,89,3
192,柳林,2016-11-20,20,,79.8,7.2
192,柳林,2016-11-21,16.2,,82.6,1.6
192,柳林,2016-11-22,14.1,,58.4,1.9
192,柳林,2016-11-23,11.8,,32.9,5.6
192,柳林,2016-11-24,8.5,,33.5,8.8
192,柳林,2016-11-25,10.8,,50.3,8.8
192,柳林,2016-11-26,4.3,1.8,75.5,.4
192,柳林,2016-11-27,10.8,,73.4,4.7
192,柳林,2016-11-28,11.8,,61.5,8.4
192,柳林,2016-11-29,12.4,,56,8.7
192,柳林,2016-11-30,10.6,4.5,71,.1
192,柳林,2016-12-01,13.3,,59.1,6.1
192,柳林,2016-12-02,13.1,,60.9,8.7
192,柳林,2016-12-03,13.3,,63.1,7.2
192,柳林,2016-12-04,10.6,,75.3,.9
192,柳林,2016-12-05,15.6,,76.1,7
192,柳林,2016-12-06,10.1,,40,8.7
192,柳林,2016-12-07,8.6,,68.4,3.3
192,柳林,2016-12-08,11.5,,70.4,6.4
192,柳林,2016-12-09,13,,49.9,8.2
192,柳林,2016-12-10,11.6,,45.4,8.6
192,柳林,2016-12-11,9.2,,47.3,8.5
192,柳林,2016-12-12,10.5,,54.9,2.6
192,柳林,2016-12-13,10,,64,.2
192,柳林,2016-12-14,9.1,,48.1,7
192,柳林,2016-12-15,5.4,,47.6,8.6
192,柳林,2016-12-16,6.6,,35.8,8.6
192,柳林,2016-12-17,11.1,,62.6,8.5
192,柳林,2016-12-18,11,,71.6,8.3
192,柳林,2016-12-19,7.4,11,86.6,.1
192,柳林,2016-12-20,14.6,,81.5,5.9
192,柳林,2016-12-21,10.2,45.7,87.5,.9
192,柳林,2016-12-22,18.5,11,65.1,2.6
192,柳林,2016-12-23,7.3,,49.4,3.8
192,柳林,2016-12-24,7.1,,54.3,6.3
192,柳林,2016-12-25,11,,73,7.6
192,柳林,2016-12-26,6.5,15.3,86,0
192,柳林,2016-12-27,7.2,1,47.8,8.2
192,柳林,2016-12-28,7.9,,55.6,8.6
192,柳林,2016-12-29,5.2,,47.5,8
192,柳林,2016-12-30,7.7,,51.6,8.3
192,柳林,2016-12-31,9.9,,65.3,8.4
192,柳林,2017-01-01,11.3,,71.9,7.9
192,柳林,2017-01-02,14.3,,72.8,6.9
192,柳林,2017-01-03,12,,68.4,6.6
192,柳林,2017-01-04,11.6,,71.9,6.4
192,柳林,2017-01-05,10.1,,68.1,2
192,柳林,2017-01-06,11.1,,60.5,7.6
192,柳林,2017-01-07,9.6,0,69.9,2.3
192,柳林,2017-01-08,13.1,2.9,76.4,3.3
192,柳林,2017-01-09,9.4,,57.4,7.5
192,柳林,2017-01-10,8,,55.8,8.7
192,柳林,2017-01-11,5.5,,33,8.6
192,柳林,2017-01-12,8.9,,55.3,6.9
192,柳林,2017-01-13,6,,44.9,7.3
192,柳林,2017-01-14,1.4,,34.3,8.8
192,柳林,2017-01-15,5.7,,32.4,8.9
192,柳林,2017-01-16,7.1,,39.8,8.8
192,柳林,2017-01-17,6.6,,50,4.5
192,柳林,2017-01-18,8,,49.4,6.6
192,柳林,2017-01-19,9.1,,59.1,7.6
192,柳林,2017-01-20,3.4,,50.1,7.1
192,柳林,2017-01-21,4.2,,55.1,7.9
192,柳林,2017-01-22,3.1,,42.4,8.8
192,柳林,2017-01-23,1.8,,39.8,9
192,柳林,2017-01-24,4.6,,44.1,9.2
192,柳林,2017-01-25,7.1,,49,9.2
192,柳林,2017-01-26,8.2,,45.8,9
192,柳林,2017-01-27,10.7,,33.6,6.6
192,柳林,2017-01-28,11.6,,45.1,8.8
192,柳林,2017-01-29,4.9,4.6,80.9,.1
192,柳林,2017-01-30,5.5,.6,47.9,8.9
192,柳林,2017-01-31,8.6,,50.9,9.4
192,柳林,2017-02-01,7.9,,34.6,7.6
192,柳林,2017-02-02,10.8,,37.9,9.5
192,柳林,2017-02-03,10.6,,48.8,8.4
192,柳林,2017-02-04,12.6,1.7,49.1,3.5
192,柳林,2017-02-05,12.8,2.7,67.3,4.6
192,柳林,2017-02-06,6.9,,40.9,9.6
192,柳林,2017-02-07,9,,49.8,5.1
192,柳林,2017-02-08,8.9,,45.5,.6
192,柳林,2017-02-09,3.1,,31.5,8.6
192,柳林,2017-02-10,1.6,,35.9,9.9
192,柳林,2017-02-11,3.8,,37.4,9.9
192,柳林,2017-02-12,8.2,,48.9,10
192,柳林,2017-02-13,10.1,,50,9.4
192,柳林,2017-02-14,11,,49.5,10.1
192,柳林,2017-02-15,12.9,,49.6,10
192,柳林,2017-02-16,16.1,2.5,66.6,8.9
192,柳林,2017-02-17,15,.4,44.1,8.6
192,柳林,2017-02-18,7.9,,19.6,10
192,柳林,2017-02-19,11.1,,50.6,8.5
192,柳林,2017-02-20,13.7,.4,45.3,6.9
192,柳林,2017-02-21,10.1,,48.3,9.8
192,柳林,2017-02-22,5.1,30.1,84.5,.1
192,柳林,2017-02-23,7.6,,42.6,7.1
192,柳林,2017-02-24,8.8,,31.1,10.5
192,柳林,2017-02-25,11.2,,49.6,10.4
192,柳林,2017-02-26,11,,54.5,9.9
192,柳林,2017-02-27,13.4,,60.1,8.8
192,柳林,2017-02-28,14.4,,55.9,10.4
192,柳林,2017-03-01,14.2,.6,61.3,7.5
192,柳林,2017-03-02,9,1.3,50.6,10.4
192,柳林,2017-03-03,13.3,,48.6,10.5
192,柳林,2017-03-04,15.1,,57.8,9.8
192,柳林,2017-03-05,15.9,,59.4,5.7
192,柳林,2017-03-06,9.8,,32.6,10.2
192,柳林,2017-03-07,7,,35.4,9.9
192,柳林,2017-03-08,8.1,,47.5,10.4
192,柳林,2017-03-09,12.6,,37.5,10.7
192,柳林,2017-03-10,16.3,,42,10.7
192,柳林,2017-03-11,18,,41.9,10.6
192,柳林,2017-03-12,18.1,,49.3,9
192,柳林,2017-03-13,16.2,,47.8,8.4
192,柳林,2017-03-14,14.9,,43.4,10.5
192,柳林,2017-03-15,14,,43,10.9
192,柳林,2017-03-16,13.5,,56,6.7
192,柳林,2017-03-17,17,,49.5,10.9
192,柳林,2017-03-18,17,,51.3,5.6
192,柳林,2017-03-19,19.1,,53.8,10.3
192,柳林,2017-03-20,12.9,7.9,75.4,0
192,柳林,2017-03-21,16.3,2.3,54.4,10.6
192,柳林,2017-03-22,14.5,,55.4,4.8
192,柳林,2017-03-23,16.7,,49.4,4.6
192,柳林,2017-03-24,12.9,0,61.3,.7
192,柳林,2017-03-25,7.6,10.9,85.1,.1
192,柳林,2017-03-26,12.3,.7,78.4,4
192,柳林,2017-03-27,12.6,,60.8,8
192,柳林,2017-03-28,15.2,.6,55.6,9.5
192,柳林,2017-03-29,8.9,4.5,86.6,.2
192,柳林,2017-03-30,20.3,,62.4,8.7
192,柳林,2017-03-31,13.6,2.6,69.9,1.8
192,柳林,2017-04-01,13,.6,78.9,2.9
192,柳林,2017-04-02,16.5,,58.8,9.6
192,柳林,2017-04-03,22.6,,45.9,11.6
192,柳林,2017-04-04,21.6,,43.5,10.3
192,柳林,2017-04-05,15.9,48.5,77.4,.4
192,柳林,2017-04-06,16.9,15.7,86.4,.2
192,柳林,2017-04-07,24.3,,69.5,8.5
192,柳林,2017-04-08,26.5,,62.6,10.3
192,柳林,2017-04-09,20.6,,56.4,4
192,柳林,2017-04-10,20.5,.1,45.3,7.9
192,柳林,2017-04-11,20,11.5,59,6.7
192,柳林,2017-04-12,20.5,,23,9.8
192,柳林,2017-04-13,21.9,,42.5,11.7
192,柳林,2017-04-14,20.1,0,49,9
192,柳林,2017-04-15,24.6,0,59.8,10.7
192,柳林,2017-04-16,27.8,,62,9.8
192,柳林,2017-04-17,17.7,16.5,88.6,.1
192,柳林,2017-04-18,20.9,0,60.4,9
192,柳林,2017-04-19,22.2,,36.1,12.2
192,柳林,2017-04-20,19.2,.2,52.6,2.3
192,柳林,2017-04-21,22.6,,56.1,8.1
192,柳林,2017-04-22,19.8,0,68,8.8
192,柳林,2017-04-23,22.3,,63.4,10.8
192,柳林,2017-04-24,21.9,,59.9,9.6
192,柳林,2017-04-25,22.8,.1,68.1,4.8
192,柳林,2017-04-26,19.6,1.7,71.6,3.7
192,柳林,2017-04-27,20.5,,29.5,9.5
192,柳林,2017-04-28,24.6,,38.8,12.1
192,柳林,2017-04-29,26,,41,12.3
192,柳林,2017-04-30,27.8,,45.6,11.5
192,柳林,2017-05-01,25.2,,52.6,11.7
192,柳林,2017-05-02,24.9,,49.6,9.2
192,柳林,2017-05-03,27,,54.3,12.5
192,柳林,2017-05-04,25.9,.6,61,10.2
192,柳林,2017-05-05,20.3,4,88.3,.2
192,柳林,2017-05-06,24.5,,41.9,7
192,柳林,2017-05-07,27.2,,40.6,12.3
192,柳林,2017-05-08,26,,50.3,5.3
192,柳林,2017-05-09,18.9,25.3,88,.1
192,柳林,2017-05-10,22.6,.1,74.8,5.3
192,柳林,2017-05-11,29.2,,61.6,9.1
192,柳林,2017-05-12,18.9,9.1,85.4,0
192,柳林,2017-05-13,24.7,,68.8,10.2
192,柳林,2017-05-14,25.7,,42.9,12.9
192,柳林,2017-05-15,23.9,,49,11.4
192,柳林,2017-05-16,24.4,,60.6,8.6
192,柳林,2017-05-17,25.2,,60.5,10.8
192,柳林,2017-05-18,28.4,,58,12.4
192,柳林,2017-05-19,29.8,,53.8,13
192,柳林,2017-05-20,27.5,,52.6,10.6
192,柳林,2017-05-21,26.9,,59.8,9
192,柳林,2017-05-22,28.3,,56.6,13
192,柳林,2017-05-23,25.6,,67.6,6.3
192,柳林,2017-05-24,25.2,3.9,73.9,5
192,柳林,2017-05-25,30.4,,51.9,11
192,柳林,2017-05-26,24.5,,43.8,13.3
192,柳林,2017-05-27,25.4,,54.1,13.3
192,柳林,2017-05-28,26.3,,58,12.4
192,柳林,2017-05-29,34.4,,51.6,12.2
192,柳林,2017-05-30,32.8,,51.6,8.2
192,柳林,2017-05-31,27.7,.8,69.3,7.4
192,柳林,2017-06-01,29.6,,58.1,8.8
192,柳林,2017-06-02,27.6,,49.3,13.2
192,柳林,2017-06-03,28.1,0,47,11.7
192,柳林,2017-06-04,29.4,,46.8,13.1
192,柳林,2017-06-05,28.5,,50.5,9.7
192,柳林,2017-06-06,22.2,10.7,68.6,.1
192,柳林,2017-06-07,24.5,12.6,72.3,2.9
192,柳林,2017-06-08,29.5,,54.6,13.2
192,柳林,2017-06-09,30.7,,49.6,11.8
192,柳林,2017-06-10,28.5,,63.8,5.8
192,柳林,2017-06-11,27,2.3,59,7.2
192,柳林,2017-06-12,24.6,,56.5,7.7
192,柳林,2017-06-13,27.5,.3,65.8,6.5
192,柳林,2017-06-14,28.9,,61.1,12.9
192,柳林,2017-06-15,32.6,,48.8,12.9
192,柳林,2017-06-16,28.6,,57.6,12.5
192,柳林,2017-06-17,30.9,,54.4,12.2
192,柳林,2017-06-18,32.7,,58,12.5
192,柳林,2017-06-19,33,,54.5,12.2
192,柳林,2017-06-20,26,10.3,73.3,.2
192,柳林,2017-06-21,29.5,,66.6,7.5
192,柳林,2017-06-22,31.3,,62.9,10.9
192,柳林,2017-06-23,31.5,,62.9,6.7
192,柳林,2017-06-24,29.2,,64.3,5.9
192,柳林,2017-06-25,27.9,.5,71.5,5.3
192,柳林,2017-06-26,24.7,10.5,84.5,0
192,柳林,2017-06-27,27.4,0,70.1,1.2
192,柳林,2017-06-28,30.8,,66.6,9.1
192,柳林,2017-06-29,25.6,4.8,78.8,.3
192,柳林,2017-06-30,28.2,0,75.9,2.6
192,柳林,2017-07-01,31.7,,74,3.2
192,柳林,2017-07-02,28.7,1.4,79.3,.6
192,柳林,2017-07-03,29.6,.3,72.6,2.1
192,柳林,2017-07-04,31.5,1.9,80.5,3.9
192,柳林,2017-07-05,31.5,17.6,81.8,6.2
192,柳林,2017-07-06,28.1,5.2,89.6,.1
192,柳林,2017-07-07,29.4,.3,90.4,.6
192,柳林,2017-07-08,30.2,7.1,91.9,.9
192,柳林,2017-07-09,31.7,,84.3,7.2
192,柳林,2017-07-10,29,0,85.8,.6
192,柳林,2017-07-11,28.2,0,78.5,.9
192,柳林,2017-07-12,33.8,,75.6,11.2
192,柳林,2017-07-13,33.3,,78.3,10.4
192,柳林,2017-07-14,33.5,0,81.9,3.8
192,柳林,2017-07-15,29.9,0,80,.3
192,柳林,2017-07-16,33.8,,73.6,8.9
192,柳林,2017-07-17,32,4.8,83.1,2
192,柳林,2017-07-18,31.1,1.9,83.6,2.5
192,柳林,2017-07-19,34.5,,73.5,9
192,柳林,2017-07-20,34.7,,78.1,9.2
192,柳林,2017-07-21,36.3,,73.5,10.5
192,柳林,2017-07-22,36.7,,72.9,10.3
192,柳林,2017-07-23,33.2,,78.5,.1
192,柳林,2017-07-24,35.2,.1,79.4,5.4
192,柳林,2017-07-25,34.1,17.2,87.4,1.9
192,柳林,2017-07-26,32.8,,69.9,7.4
192,柳林,2017-07-27,33.3,,64.1,12.8
192,柳林,2017-07-28,34.6,,68,10.2
192,柳林,2017-07-29,29.4,,80.9,0
192,柳林,2017-07-30,31.7,,78.6,4.4
192,柳林,2017-07-31,31.2,38.2,87,.2
192,柳林,2017-08-01,34,,81.5,7.8
192,柳林,2017-08-02,32.6,,81.5,4.3
192,柳林,2017-08-03,33.9,,71.8,12.2
192,柳林,2017-08-04,35.1,,71,11.1
192,柳林,2017-08-05,36.3,,68.9,12
192,柳林,2017-08-06,36.9,,62.5,12.2
192,柳林,2017-08-07,37.1,,60.3,12.3
192,柳林,2017-08-08,32.7,0,70.5,4.1
192,柳林,2017-08-09,30.7,.2,87,.6
192,柳林,2017-08-10,34.6,,72.4,7.4
192,柳林,2017-08-11,34,28.8,78.8,6.1
192,柳林,2017-08-12,31.2,0,76.3,6.9
192,柳林,2017-08-13,27.6,1.6,76.1,.1
192,柳林,2017-08-14,23,48.5,96.6,0
192,柳林,2017-08-15,23.8,5.7,95.4,0
192,柳林,2017-08-16,31.7,.8,85.5,5.4
192,柳林,2017-08-17,32.4,.8,80,6.7
192,柳林,2017-08-18,31.6,0,77.4,8.2
192,柳林,2017-08-19,29,12.8,85.3,1.3
192,柳林,2017-08-20,28.9,26.2,91.3,1.3
192,柳林,2017-08-21,30,20.2,90.8,3.4
192,柳林,2017-08-22,30.1,8.1,88.8,4.9
192,柳林,2017-08-23,32.7,11.6,77.3,9.9
192,柳林,2017-08-24,32.4,.3,68.3,9.6
192,柳林,2017-08-25,33.3,.8,66.9,6.2
192,柳林,2017-08-26,31.4,,54.5,12.1
192,柳林,2017-08-27,30.5,,61.8,12.1
192,柳林,2017-08-28,30.7,,71,8.6
192,柳林,2017-08-29,31.8,0,55.6,9.8
192,柳林,2017-08-30,27.5,,45.8,4.4
192,柳林,2017-08-31,29.3,,59.8,9.9
192,柳林,2017-09-01,28.5,,50.8,10.5
192,柳林,2017-09-02,25.5,,63,6.1
192,柳林,2017-09-03,28.3,,61,11
192,柳林,2017-09-04,26.8,,69.5,4.3
192,柳林,2017-09-05,24.2,.7,76.3,.1
192,柳林,2017-09-06,23.9,32.3,86.4,0
192,柳林,2017-09-07,25.9,1,81,3.7
192,柳林,2017-09-08,30.1,,73.8,9.6
192,柳林,2017-09-09,30,,70.8,8.8
192,柳林,2017-09-10,29.7,,68.8,6.4
192,柳林,2017-09-11,23.7,74.4,87.5,0
192,柳林,2017-09-12,30.9,,70.5,11.2
192,柳林,2017-09-13,29.3,,62.9,11.3
192,柳林,2017-09-14,27.8,,65.5,10.4
192,柳林,2017-09-15,25,,58.8,2.2
192,柳林,2017-09-16,24.5,,56.8,1
192,柳林,2017-09-17,26.2,,65.9,1.1
192,柳林,2017-09-18,28.7,,71,9.5
192,柳林,2017-09-19,28.2,,70.6,7.7
192,柳林,2017-09-20,26,,65.4,3
192,柳林,2017-09-21,26.8,,70,9.9
192,柳林,2017-09-22,27.6,,70,9
192,柳林,2017-09-23,27.2,,69.3,7.5
192,柳林,2017-09-24,29.1,,69.8,9.3
192,柳林,2017-09-25,29.4,,72.5,9.4
192,柳林,2017-09-26,28.6,,65,10.6
192,柳林,2017-09-27,20.7,8.2,81.5,0
192,柳林,2017-09-28,27.3,,63,8.6
192,柳林,2017-09-29,23.3,,58.3,10.2
192,柳林,2017-09-30,26.5,,59.3,10.6
192,柳林,2017-10-01,18,25.3,81.1,.1
192,柳林,2017-10-02,26.1,37.4,79.8,1.2
192,柳林,2017-10-03,27.5,10.8,75.6,7.6
192,柳林,2017-10-04,24.2,,67,5.9
192,柳林,2017-10-05,20.2,2.9,68.6,.4
192,柳林,2017-10-06,19.1,7.8,87.3,0
192,柳林,2017-10-07,24.5,0,82.4,3.6
192,柳林,2017-10-08,27.6,,75.4,8.9
192,柳林,2017-10-09,28.6,,75,10.5
192,柳林,2017-10-10,29.2,,78.3,7.2
192,柳林,2017-10-11,26.6,,72.8,2.1
192,柳林,2017-10-12,18,18.6,79.1,0
192,柳林,2017-10-13,22.2,,58.9,10.4
192,柳林,2017-10-14,22,,50.1,6.3
192,柳林,2017-10-15,18,2.8,75.8,.5
192,柳林,2017-10-16,18.7,,66.1,.1
192,柳林,2017-10-17,21.6,,75.4,3.6
192,柳林,2017-10-18,19,0,61.9,.1
192,柳林,2017-10-19,22.2,,61.4,4.8
192,柳林,2017-10-20,23.2,,68.6,9.4
192,柳林,2017-10-21,22.9,,62.9,9.8
192,柳林,2017-10-22,22.8,,45.4,9.6
192,柳林,2017-10-23,20.1,,48.4,9.3
192,柳林,2017-10-24,17.8,.1,76.4,3.3
192,柳林,2017-10-25,21.1,,72.5,9.9
192,柳林,2017-10-26,21.2,,73.6,6.1
192,柳林,2017-10-27,22.9,,69.8,9.5
192,柳林,2017-10-28,20.8,,69.9,2.3
192,柳林,2017-10-29,22.3,,48.1,9.7
192,柳林,2017-10-30,17.8,,39.9,9.8
192,柳林,2017-10-31,18.9,,58,9.7
192,柳林,2017-11-01,20,,61.9,9.7
192,柳林,2017-11-02,19.7,,74,9
192,柳林,2017-11-03,21.6,,65.5,7.3
192,柳林,2017-11-04,16.2,,51.5,9.6
192,柳林,2017-11-05,17.6,,67.4,9.5
192,柳林,2017-11-06,19,,71,9.2
192,柳林,2017-11-07,19.4,,74.9,4.7
192,柳林,2017-11-08,22.8,,53.8,6.8
192,柳林,2017-11-09,19.7,,61.4,9.3
192,柳林,2017-11-10,21,,61.1,5.5
192,柳林,2017-11-11,15.9,,36.5,9.4
192,柳林,2017-11-12,16.1,,58.9,8.8
192,柳林,2017-11-13,16.2,,68.1,5.9
192,柳林,2017-11-14,18.5,,47.9,9
192,柳林,2017-11-15,14.3,,49,8.9
192,柳林,2017-11-16,11.9,,64.4,9.1
192,柳林,2017-11-17,13.4,,60.8,5.8
192,柳林,2017-11-18,9.9,,28.3,8.9
192,柳林,2017-11-19,9,,33.3,7.8
192,柳林,2017-11-20,11.1,,43.6,9
192,柳林,2017-11-21,12,,67.6,8.9
192,柳林,2017-11-22,13.3,,60.6,2.3
192,柳林,2017-11-23,9.2,0,47.6,5.4
192,柳林,2017-11-24,10.7,,56.1,8.7
192,柳林,2017-11-25,10.6,,70.8,7.2
192,柳林,2017-11-26,16.6,,69.1,6.3
192,柳林,2017-11-27,14.5,,74.3,6.9
192,柳林,2017-11-28,18.1,,77.9,5.9
192,柳林,2017-11-29,16.8,,55.6,4.8
192,柳林,2017-11-30,11,,22.1,6.3
192,柳林,2017-12-01,8.3,,31,8.3
192,柳林,2017-12-02,8.8,,54.5,7.7
192,柳林,2017-12-03,12.8,,68.8,8.1
192,柳林,2017-12-04,10.8,,53.6,7.3
192,柳林,2017-12-05,5.2,,47.1,8.6
192,柳林,2017-12-06,9.4,,61.1,7.5
192,柳林,2017-12-07,11.6,0,64,5.2
192,柳林,2017-12-08,4.8,,35,8.5
192,柳林,2017-12-09,8.5,,57.3,6.8
192,柳林,2017-12-10,10.8,1.2,69.4,4.5
192,柳林,2017-12-11,4.7,,39.9,8
192,柳林,2017-12-12,1.8,,30.8,8.1
192,柳林,2017-12-13,3.7,,34.8,8.5
192,柳林,2017-12-14,6,,36.1,7.4
192,柳林,2017-12-15,9.2,,37.1,7.1
192,柳林,2017-12-16,4.5,,40.8,7.7
192,柳林,2017-12-17,4.1,,42,8.4
192,柳林,2017-12-18,8.2,0,56.9,8.3
192,柳林,2017-12-19,5.9,,51.6,8
192,柳林,2017-12-20,6.6,,52,6.4
192,柳林,2017-12-21,9.6,,60.1,8.4
192,柳林,2017-12-22,10.4,,60.4,8.4
192,柳林,2017-12-23,11.8,,71.4,7.1
192,柳林,2017-12-24,12.9,12.8,67.9,1.9
192,柳林,2017-12-25,6.8,,38.4,8.4
192,柳林,2017-12-26,8,,44.1,6.2
192,柳林,2017-12-27,4.7,,30.8,8.5
192,柳林,2017-12-28,5.4,,52.9,3.8
192,柳林,2017-12-29,11.3,,66.3,8.1
192,柳林,2017-12-30,6.1,,75.9,.1
192,柳林,2017-12-31,7.8,0,43,8.4
192,柳林,2018-01-01,7.7,,47.9,8.4
192,柳林,2018-01-02,9.4,,56.9,8.1
192,柳林,2018-01-03,6.9,,26.5,8.6
192,柳林,2018-01-04,5.6,,32.1,4
192,柳林,2018-01-05,8.6,,37.9,7.1
192,柳林,2018-01-06,9.5,,52.3,8.5
192,柳林,2018-01-07,6.2,.9,61.9,1
192,柳林,2018-01-08,5.3,1.5,81.4,0
192,柳林,2018-01-09,5.2,,45,7.7
192,柳林,2018-01-10,1,.5,57.3,4.3
192,柳林,2018-01-11,.4,,46.5,8.7
192,柳林,2018-01-12,0,,47.5,8.7
192,柳林,2018-01-13,6.6,,,1.9
192,柳林,2018-01-14,9,,72.5,6.4
192,柳林,2018-01-15,14.8,,65.6,8.8
192,柳林,2018-01-16,6.1,22.9,85.6,0
192,柳林,2018-01-17,10.7,4.1,87.4,3.4
192,柳林,2018-01-18,11.5,,80.3,5.9
192,柳林,2018-01-19,11.2,,68.8,8.2
192,柳林,2018-01-20,9.7,,64.3,8.5
192,柳林,2018-01-21,9.8,,61.3,6.9
192,柳林,2018-01-22,9.5,0,53.4,3.7
192,柳林,2018-01-23,5.2,,39.4,9
192,柳林,2018-01-24,-1.6,,30.5,9.2
192,柳林,2018-01-25,-.5,,22.4,7.9
192,柳林,2018-01-26,.1,,23.1,9.2
192,柳林,2018-01-27,4.4,,37.1,9.2
192,柳林,2018-01-28,6,,33.6,7.5
192,柳林,2018-01-29,2.8,,34,9.3
192,柳林,2018-01-30,3.4,,46.4,8.5
192,柳林,2018-01-31,5,,55,5.3
192,柳林,2018-02-01,7.7,,50.5,9.3
192,柳林,2018-02-02,6.4,,40.4,5.8
192,柳林,2018-02-03,1.6,,41.5,9.4
192,柳林,2018-02-04,-.8,,29,9.5
192,柳林,2018-02-05,-.4,,35.1,9.1
192,柳林,2018-02-06,-1.2,,30.5,9.7
192,柳林,2018-02-07,2.9,,43.9,9.7
192,柳林,2018-02-08,6.7,,44,9.6
192,柳林,2018-02-09,11.1,,48.6,7.3
192,柳林,2018-02-10,10,,43,4.6
192,柳林,2018-02-11,3,,42.4,7.2
192,柳林,2018-02-12,2.2,,46.5,9
192,柳林,2018-02-13,7.6,,44,10.1
192,柳林,2018-02-14,14.7,,60.8,5.8
192,柳林,2018-02-15,12.5,,49,6.3
192,柳林,2018-02-16,10.9,,30.9,5.2
192,柳林,2018-02-17,10.7,,22.3,9.4
192,柳林,2018-02-18,10.7,,26.3,7.1
192,柳林,2018-02-19,11.5,,39.4,4.2
192,柳林,2018-02-20,13.2,,39.8,8.7
192,柳林,2018-02-21,6.9,,21.1,0
192,柳林,2018-02-22,8.7,,39.4,10
192,柳林,2018-02-23,11.7,0,59.4,7.9
192,柳林,2018-02-24,14.4,,60.4,9.1
192,柳林,2018-02-25,13,,61.3,4
192,柳林,2018-02-26,15.3,,53.1,10.4
192,柳林,2018-02-27,15.2,,61.4,8.9
192,柳林,2018-02-28,9.4,30.8,78.8,0
192,柳林,2018-03-01,10.6,,41.8,9.3
192,柳林,2018-03-02,11.2,,43.3,10.4
192,柳林,2018-03-03,16.9,,64.9,8
192,柳林,2018-03-04,14.1,13.1,85.9,0
192,柳林,2018-03-05,11.5,6,82.3,.3
192,柳林,2018-03-06,13.2,,58.3,10.6
192,柳林,2018-03-07,8.2,12.7,69,0
192,柳林,2018-03-08,8.4,38.7,78.1,2
192,柳林,2018-03-09,10,,68.8,2.8
192,柳林,2018-03-10,13.7,,67.1,9.8
192,柳林,2018-03-11,15.1,,61,10.5
192,柳林,2018-03-12,16.7,,66.3,10.4
192,柳林,2018-03-13,19.6,,71,8.9
192,柳林,2018-03-14,21.5,,72.4,8.6
192,柳林,2018-03-15,16.1,43.5,91.8,0
192,柳林,2018-03-16,13.9,3.8,65,2.6
192,柳林,2018-03-17,13.6,,60.8,10.7
192,柳林,2018-03-18,11.6,9.7,83.3,.1
192,柳林,2018-03-19,12,40.4,89.6,0
192,柳林,2018-03-20,10.1,1.4,54.4,2.6
192,柳林,2018-03-21,3.4,9.9,81.9,0
192,柳林,2018-03-22,14.2,,61.1,9.3
192,柳林,2018-03-23,16.3,,60,11
192,柳林,2018-03-24,18.4,,59.9,10.2
192,柳林,2018-03-25,20.7,,62.3,10.5
192,柳林,2018-03-26,22,,58.6,11.1
192,柳林,2018-03-27,22.7,,58.6,11.1
192,柳林,2018-03-28,23.3,,61.1,10.7
192,柳林,2018-03-29,24,,66.4,8.8
192,柳林,2018-03-30,20.7,,58.1,9.8
192,柳林,2018-03-31,21.4,,52.4,10.4
192,柳林,2018-04-01,22.3,,66,5.6
192,柳林,2018-04-02,23.6,,75.8,8.3
192,柳林,2018-04-03,24.2,,75.8,7.2
192,柳林,2018-04-04,19,15.7,86.3,.1
192,柳林,2018-04-05,9.7,4.9,88.6,0
192,柳林,2018-04-06,17.2,17.1,55.3,6.8
192,柳林,2018-04-07,10,,37.6,9.3
192,柳林,2018-04-08,13.3,0,51.5,11
192,柳林,2018-04-09,20.9,,53.8,11.4
192,柳林,2018-04-10,20.7,,69.6,8.1
192,柳林,2018-04-11,25.1,.2,39.1,10.6
192,柳林,2018-04-12,21.3,,39.5,5.6
192,柳林,2018-04-13,17.7,0,39,.5
192,柳林,2018-04-14,12.4,34.8,78.3,0
192,柳林,2018-04-15,19.4,,43.8,11.2
192,柳林,2018-04-16,18.5,,58.4,9.2
192,柳林,2018-04-17,20.5,,63.6,10.3
192,柳林,2018-04-18,22.1,,59.3,11.9
192,柳林,2018-04-19,24.9,,57.9,11.1
192,柳林,2018-04-20,28.4,,53.4,11.7
192,柳林,2018-04-21,25.5,,62.6,10.7
192,柳林,2018-04-22,20.5,.4,80.5,.2
192,柳林,2018-04-23,15,45.8,91.6,0
192,柳林,2018-04-24,14.4,8.9,80.1,0
192,柳林,2018-04-25,21.8,,52.8,12.4
192,柳林,2018-04-26,24.4,,61.4,10.6
192,柳林,2018-04-27,25.3,,58.3,11.1
192,柳林,2018-04-28,24.3,,70,11
192,柳林,2018-04-29,23.1,,65.8,11.5
192,柳林,2018-04-30,23.6,,72.1,9.1
192,柳林,2018-05-01,20.4,.2,82.5,0
192,柳林,2018-05-02,18.9,3.2,88.6,.8
192,柳林,2018-05-03,19.1,,45.3,11.4
192,柳林,2018-05-04,21.6,,36.1,12.7
192,柳林,2018-05-05,25.2,,51.3,11.5
192,柳林,2018-05-06,18,16.2,90.8,0
192,柳林,2018-05-07,19.9,24.4,88.9,.2
192,柳林,2018-05-08,18.6,,65.1,2.5
192,柳林,2018-05-09,20,,60,8.3
192,柳林,2018-05-10,23.2,,64.8,11.2
192,柳林,2018-05-11,23.6,,60.3,10.3
192,柳林,2018-05-12,20.6,7.1,78,.2
192,柳林,2018-05-13,26.6,7.9,73.8,6.8
192,柳林,2018-05-14,26.9,,64.4,12.1
192,柳林,2018-05-15,28.2,.3,72.4,7.8
192,柳林,2018-05-16,21.7,3.3,93.4,0
192,柳林,2018-05-17,25.5,1.8,91.6,.8
192,柳林,2018-05-18,27.7,1.4,83,3.1
192,柳林,2018-05-19,19.6,.5,63.6,4.6
192,柳林,2018-05-20,22.8,,53.6,8.3
192,柳林,2018-05-21,22.8,,64,3.6
192,柳林,2018-05-22,24.7,7.8,69.8,7.5
192,柳林,2018-05-23,27.2,17.4,60.5,11
192,柳林,2018-05-24,28.9,,56.5,12.9
192,柳林,2018-05-25,27.5,,56.3,8.2
192,柳林,2018-05-26,28,,58.6,13.1
192,柳林,2018-05-27,26.2,,66.3,5.7
192,柳林,2018-05-28,22.5,2.8,86.3,.7
192,柳林,2018-05-29,28,0,75.8,7
192,柳林,2018-05-30,27.3,,76.5,6.1
192,柳林,2018-05-31,27.2,,60.3,10
192,柳林,2018-06-01,32.2,,56.6,12.7
192,柳林,2018-06-02,32.4,,57.6,13
192,柳林,2018-06-03,30.1,,64.8,9.9
192,柳林,2018-06-04,29.1,,63.9,9.1
192,柳林,2018-06-05,23.5,1.5,80.8,1.9
192,柳林,2018-06-06,30.4,,68.1,10
192,柳林,2018-06-07,31.3,,66.9,11.2
192,柳林,2018-06-08,30.1,,67.5,9.7
192,柳林,2018-06-09,26.3,0,59.9,4.6
192,柳林,2018-06-10,22.9,1.4,68.5,0
192,柳林,2018-06-11,21.7,32.3,82.8,.4
192,柳林,2018-06-12,23.1,19.4,83,1.3
192,柳林,2018-06-13,25.1,,73.4,3.9
192,柳林,2018-06-14,25.8,,69.1,8.2
192,柳林,2018-06-15,25.6,,59.3,9.9
192,柳林,2018-06-16,26.1,,61.9,9.2
192,柳林,2018-06-17,28.2,,68.6,7.9
192,柳林,2018-06-18,29.6,,66.4,9.3
192,柳林,2018-06-19,27.3,8.4,80.8,.5
192,柳林,2018-06-20,29.7,0,70.6,9.6
192,柳林,2018-06-21,31.5,,60.9,12.4
192,柳林,2018-06-22,30.3,,60.1,7.3
192,柳林,2018-06-23,28.7,0,68.4,6.4
192,柳林,2018-06-24,33.2,,62,12.6
192,柳林,2018-06-25,32.1,,65,10.2
192,柳林,2018-06-26,26.6,.3,84.4,0
192,柳林,2018-06-27,28.7,12,79.5,4.7
192,柳林,2018-06-28,23.9,91.9,89.5,0
192,柳林,2018-06-29,28,2.9,81.3,5
192,柳林,2018-06-30,22.8,37.6,91,0
192,柳林,2018-07-01,28.6,53.5,83.9,3.3
192,柳林,2018-07-02,28.6,57.4,84.6,.7
192,柳林,2018-07-03,24.8,14.4,84,0
192,柳林,2018-07-04,31.2,0,72.9,7.8
192,柳林,2018-07-05,26.3,81.9,86.4,.3
192,柳林,2018-07-06,22.6,4.9,83.8,0
192,柳林,2018-07-07,24.6,,64.3,1.7
192,柳林,2018-07-08,23.9,,68.4,1.8
192,柳林,2018-07-09,20.2,23.4,89.4,0
192,柳林,2018-07-10,28.8,,82,.9
192,柳林,2018-07-11,31.3,,75.6,10.2
192,柳林,2018-07-12,31.9,,75.6,10.4
192,柳林,2018-07-13,34,,75,9.6
192,柳林,2018-07-14,34.1,,72.1,11.6
192,柳林,2018-07-15,34.5,,69.9,13.2
192,柳林,2018-07-16,33.6,,69.5,13
192,柳林,2018-07-17,33.1,,70.9,10.8
192,柳林,2018-07-18,34.3,,69.1,11.6
192,柳林,2018-07-19,35,,67.4,12.4
192,柳林,2018-07-20,36,,67,12.3
192,柳林,2018-07-21,35.1,,65.9,12.5
192,柳林,2018-07-22,33.3,,71,6.3
192,柳林,2018-07-23,34.2,,69.1,11.8
192,柳林,2018-07-24,33.5,,71.8,13
192,柳林,2018-07-25,35.2,,69,12.8
192,柳林,2018-07-26,37.1,,62.6,12.1
192,柳林,2018-07-27,37.9,.4,71.1,9.3
192,柳林,2018-07-28,35,,77.9,3.8
192,柳林,2018-07-29,36.4,,54.5,12.2
192,柳林,2018-07-30,34.5,4.9,71,6.6
192,柳林,2018-07-31,34.9,,65.1,10.3
192,柳林,2018-08-01,36.4,,62.4,12
192,柳林,2018-08-02,36.2,,61.9,12.6
192,柳林,2018-08-03,33.9,,67.4,12.3
192,柳林,2018-08-04,34.5,,71.6,11.7
192,柳林,2018-08-05,37.1,,60.6,12.1
192,柳林,2018-08-06,36.8,0,66.8,8.8
192,柳林,2018-08-07,34.4,.1,73.9,3.9
192,柳林,2018-08-08,36.1,3.5,77.5,6.5
192,柳林,2018-08-09,34.7,0,75.1,7.5
192,柳林,2018-08-10,32.2,1.6,81.9,1.7
192,柳林,2018-08-11,30.5,0,77.3,.3
192,柳林,2018-08-12,32.8,.1,74.1,3.2
192,柳林,2018-08-13,35.8,,67.1,10.9
192,柳林,2018-08-14,37.1,,65,12
192,柳林,2018-08-15,36.8,.1,68.5,7
192,柳林,2018-08-16,31.2,29.7,80.9,1.1
192,柳林,2018-08-17,30.1,,60.1,5.6
192,柳林,2018-08-18,30.6,,65.4,10.2
192,柳林,2018-08-19,32,,68.5,11.3
192,柳林,2018-08-20,31.9,,68.5,11.5
192,柳林,2018-08-21,34,,65.5,12.4
192,柳林,2018-08-22,34.1,,62.4,7.6
192,柳林,2018-08-23,29.8,17.7,79.5,0
192,柳林,2018-08-24,31.8,5.4,66.5,7.3
192,柳林,2018-08-25,27.3,.3,79.6,.6
192,柳林,2018-08-26,24.2,70.5,90.4,0
192,柳林,2018-08-27,27.4,46,92.4,.1
192,柳林,2018-08-28,31.9,.1,81.5,9.2
192,柳林,2018-08-29,31.3,0,76.6,9.9
192,柳林,2018-08-30,30.3,6,79.3,5.6
192,柳林,2018-08-31,25.9,31.6,85.9,.3
192,柳林,2018-09-01,26.6,25.6,83.1,1.7
192,柳林,2018-09-02,23.1,11.6,80.4,0
192,柳林,2018-09-03,25.6,58.1,87.9,.1
192,柳林,2018-09-04,31.2,33.3,67.6,8.9
192,柳林,2018-09-05,29.4,,68.3,10.6
192,柳林,2018-09-06,25.1,,77.6,.4
192,柳林,2018-09-07,25.6,3.7,81.5,1.6
192,柳林,2018-09-08,22.8,,75.4,.6
192,柳林,2018-09-09,27.9,,68.8,10.7
192,柳林,2018-09-10,26.8,,62.8,9.1
192,柳林,2018-09-11,25.6,,63.3,6.1
192,柳林,2018-09-12,28.4,0,70,8.1
192,柳林,2018-09-13,22.5,10.2,84.6,0
192,柳林,2018-09-14,23.7,24.7,89,0
192,柳林,2018-09-15,22.8,5.8,90.1,0
192,柳林,2018-09-16,28.9,,78.4,4.7
192,柳林,2018-09-17,28.5,,75.4,7.5
192,柳林,2018-09-18,29.1,,72,8.5
192,柳林,2018-09-19,24.3,.2,78.1,1.1
192,柳林,2018-09-20,22.3,10.1,89.3,0
192,柳林,2018-09-21,21.4,18.3,89.8,0
192,柳林,2018-09-22,27.6,,81.8,6.5
192,柳林,2018-09-23,27.5,,72.9,9.3
192,柳林,2018-09-24,21.8,,75.1,.1
192,柳林,2018-09-25,24.9,,65.1,10.6
192,柳林,2018-09-26,23.2,,62.8,4.7
192,柳林,2018-09-27,25.1,,64.4,9.9
192,柳林,2018-09-28,23.9,,68,6.7
192,柳林,2018-09-29,21.1,0,70.8,0
192,柳林,2018-09-30,27.8,,48,8.1
192,柳林,2018-10-01,21.5,0,54.4,9.1
192,柳林,2018-10-02,23.7,,67.1,10.4
192,柳林,2018-10-03,25.1,,67.8,10.5
192,柳林,2018-10-04,25.2,1.6,68.8,7.3
192,柳林,2018-10-05,19.4,55.5,89,0
192,柳林,2018-10-06,25.6,165.8,80,3.3
192,柳林,2018-10-07,27,,76,9.6
192,柳林,2018-10-08,22.8,,62.3,10.1
192,柳林,2018-10-09,18.5,,73.6,.7
192,柳林,2018-10-10,19.8,,60,4.6
192,柳林,2018-10-11,18.5,,47.8,10.3
192,柳林,2018-10-12,18.6,,66.1,10.6
192,柳林,2018-10-13,21.1,,73.9,9.3
192,柳林,2018-10-14,21,,73.4,8.7
192,柳林,2018-10-15,22.7,,71.9,9.9
192,柳林,2018-10-16,16.9,,80,.5
192,柳林,2018-10-17,21,,73.1,9.9
192,柳林,2018-10-18,20.5,,60.8,10.2
192,柳林,2018-10-19,20.8,,,
192,柳林,2018-10-20,21.2,,69.6,9.6
192,柳林,2018-10-21,21.9,,68.8,10
192,柳林,2018-10-22,20.2,,75,4.1
192,柳林,2018-10-23,21.9,0,77.4,5.9
192,柳林,2018-10-24,21.1,,71.4,9.9
192,柳林,2018-10-25,20.6,,69.4,9.9
192,柳林,2018-10-26,15.6,.9,86,.3
192,柳林,2018-10-27,16.2,,72.9,5.6
192,柳林,2018-10-28,18.6,.2,71,8.9
192,柳林,2018-10-29,19.1,.1,75.8,5.3
192,柳林,2018-10-30,15.7,,65,9.9
192,柳林,2018-10-31,16.7,,68.8,9.4
192,柳林,2018-11-01,17.6,,68.8,
192,柳林,2018-11-02,18.8,,64.4,9.8
192,柳林,2018-11-03,19.6,,65.5,9.6
192,柳林,2018-11-04,21.1,,67.3,9.7
192,柳林,2018-11-05,20.9,,69.6,9.6
192,柳林,2018-11-06,20.5,,74.9,8.6
192,柳林,2018-11-07,17.8,.5,82.3,0
192,柳林,2018-11-08,17.6,19.5,88.6,0
192,柳林,2018-11-09,17.7,,62.4,4.6
192,柳林,2018-11-10,20,,74.8,7.9
192,柳林,2018-11-11,17.6,3.5,80.4,4.5
192,柳林,2018-11-12,17.2,1.5,75.4,8.2
192,柳林,2018-11-13,16.9,,77,6.6
192,柳林,2018-11-14,17.4,,75.5,8.3
192,柳林,2018-11-15,18.6,,74.9,8.8
192,柳林,2018-11-16,11.7,1,87,0
192,柳林,2018-11-17,17.3,,68.8,7.7
192,柳林,2018-11-18,10.7,,67,.2
192,柳林,2018-11-19,15.4,,62.6,7.6
192,柳林,2018-11-20,15.1,,60.3,9
192,柳林,2018-11-21,10.2,,63.4,.5
192,柳林,2018-11-22,10.4,,42,8.7
192,柳林,2018-11-23,11.5,,56.1,8.8
192,柳林,2018-11-24,5.9,1.5,79.4,.7
192,柳林,2018-11-25,12,,89,3.7
192,柳林,2018-11-26,16.2,,77.3,7.2
192,柳林,2018-11-27,18.6,,73.4,8.8
192,柳林,2018-11-28,15.6,,58.1,6.6
192,柳林,2018-11-29,14.9,,53.1,7.5
192,柳林,2018-11-30,15.3,,67.9,8.1
192,柳林,2018-12-01,12.1,,64.8,1.6
192,柳林,2018-12-02,17.3,0,71.3,7
192,柳林,2018-12-03,15.3,9.5,90.9,0
192,柳林,2018-12-04,18.2,12,68,1.2
192,柳林,2018-12-05,12.3,,41.1,8.2
192,柳林,2018-12-06,8.2,2.5,69.4,.7
192,柳林,2018-12-07,4.8,,33.8,2.4
192,柳林,2018-12-08,3.3,,38.8,8.3
192,柳林,2018-12-09,4.8,,34.4,7.7
192,柳林,2018-12-10,8.3,,42.1,8
192,柳林,2018-12-11,5,1.5,78.1,0
192,柳林,2018-12-12,6.4,,51.3,8.4
192,柳林,2018-12-13,8,,54.4,6.6
192,柳林,2018-12-14,7.3,,44.9,8.4
192,柳林,2018-12-15,9,,49.4,8.4
192,柳林,2018-12-16,3.8,1,75.6,1.1
192,柳林,2018-12-17,10.1,,72.3,5.8
192,柳林,2018-12-18,10.7,,68.5,8.3
192,柳林,2018-12-19,14.8,,64.6,7.4
192,柳林,2018-12-20,9.6,,74.9,0
192,柳林,2018-12-21,14.9,,78.5,7
192,柳林,2018-12-22,16.1,0,74,6.9
192,柳林,2018-12-23,12.3,2.5,47.6,6.4
192,柳林,2018-12-24,8.9,,46.4,8.4
192,柳林,2018-12-25,7,,47.5,4.9
192,柳林,2018-12-26,10.8,,33.4,6.6
192,柳林,2018-12-27,3.8,,16.5,8.3
192,柳林,2018-12-28,1.9,,28.3,8.4
192,柳林,2018-12-29,2.3,,30,8.4
192,柳林,2018-12-30,4,,34.9,8.4
192,柳林,2018-12-31,8.3,,37.1,8.2
192,柳林,2019-01-01,6.3,,50.4,7.7
192,柳林,2019-01-02,7,,48.8,8.5
192,柳林,2019-01-03,9.4,,50,8.5
192,柳林,2019-01-04,6.1,,45.8,3.3
192,柳林,2019-01-05,10.5,,48,7.4
192,柳林,2019-01-06,10.5,,38.3,7.8
192,柳林,2019-01-07,9.1,,44,8.5
192,柳林,2019-01-08,8.6,,44,8.5
192,柳林,2019-01-09,4.9,,38.8,4.8
192,柳林,2019-01-10,9.1,,47.4,6.8
192,柳林,2019-01-11,10,0,64.1,7.1
192,柳林,2019-01-12,9.5,4,83.6,3.2
192,柳林,2019-01-13,11.4,,76.6,7.1
192,柳林,2019-01-14,11.3,,65.9,7.9
192,柳林,2019-01-15,10,,55.9,7.5
192,柳林,2019-01-16,6.2,,30.1,8.8
192,柳林,2019-01-17,7.1,,51.5,8.8
192,柳林,2019-01-18,10.9,,56.6,8.8
192,柳林,2019-01-19,12.2,0,61.6,4.3
192,柳林,2019-01-20,9.2,0,49.4,8.2
192,柳林,2019-01-21,9.1,,55.1,9
192,柳林,2019-01-22,10.8,,62.3,9
192,柳林,2019-01-23,12.3,,55.8,9
192,柳林,2019-01-24,11.5,,50.9,9
192,柳林,2019-01-25,7.9,,45.1,3.9
192,柳林,2019-01-26,5.7,,27.6,9.2
192,柳林,2019-01-27,9.1,,48.3,9.2
192,柳林,2019-01-28,10.9,,44.9,8.4
192,柳林,2019-01-29,10.4,,49.5,9.2
192,柳林,2019-01-30,12.5,,46.5,4.4
192,柳林,2019-01-31,7,9.5,71.6,.7
192,柳林,2019-02-01,6.4,,59.5,9.4
192,柳林,2019-02-02,9.2,0,65.4,9.3
192,柳林,2019-02-03,12.3,13.5,82.5,.1
192,柳林,2019-02-04,10.6,,31.5,8.8
192,柳林,2019-02-05,12.9,,49.1,9
192,柳林,2019-02-06,15.5,,57.8,8.3
192,柳林,2019-02-07,11.6,,45.9,4.8
192,柳林,2019-02-08,8,,23.9,7.9
192,柳林,2019-02-09,4.5,,28.3,7.9
192,柳林,2019-02-10,7.1,,35.5,5.6
192,柳林,2019-02-11,7.3,,34.4,9.8
192,柳林,2019-02-12,9.1,,48,8.8
192,柳林,2019-02-13,9.4,,34.1,9.6
192,柳林,2019-02-14,9.6,,37,6.4
192,柳林,2019-02-15,11.6,,52.3,3
192,柳林,2019-02-16,6,,44.3,8.5
192,柳林,2019-02-17,9.7,,41.1,10.1
192,柳林,2019-02-18,7.5,0,44,.6
192,柳林,2019-02-19,8.9,29,85.9,0
192,柳林,2019-02-20,10.6,,58.5,9.6
192,柳林,2019-02-21,11.8,,57.8,9.4
192,柳林,2019-02-22,12.6,,64,4
192,柳林,2019-02-23,14.3,,62.1,9.6
192,柳林,2019-02-24,15.6,,65,10.1
192,柳林,2019-02-25,17.5,,56,9.7
192,柳林,2019-02-26,15.3,,49.4,10
192,柳林,2019-02-27,13.5,.5,67.8,1.4
192,柳林,2019-02-28,15.4,.5,64.6,8.2
192,柳林,2019-03-01,15.4,,58.8,9.5
192,柳林,2019-03-02,15.6,,63.4,8.8
192,柳林,2019-03-03,15,0,61,3.4
192,柳林,2019-03-04,17.2,,63.4,8.8
192,柳林,2019-03-05,15.5,,65.8,5.4
192,柳林,2019-03-06,14.4,2,80.5,4.2
192,柳林,2019-03-07,14.9,,62.8,9.3
192,柳林,2019-03-08,16.1,,65.8,10.6
192,柳林,2019-03-09,16.1,0,69.4,9.3
192,柳林,2019-03-10,9.5,21,92.4,0
192,柳林,2019-03-11,15.3,0,79.9,6.6
192,柳林,2019-03-12,14.1,0,65.9,6.4
192,柳林,2019-03-13,10.6,,38.4,9.7
192,柳林,2019-03-14,13.2,,54.3,10.8
192,柳林,2019-03-15,13.2,0,65.4,6
192,柳林,2019-03-16,12.8,,64.8,10.8
192,柳林,2019-03-17,15.6,,61.5,11
192,柳林,2019-03-18,14.8,,63.9,7.2
192,柳林,2019-03-19,22,,59.6,10.7
192,柳林,2019-03-20,17.2,19,81.4,.5
192,柳林,2019-03-21,19.8,0,58.4,9.4
192,柳林,2019-03-22,15.2,,40.9,10.8
192,柳林,2019-03-23,12.8,0,41.8,8.7
192,柳林,2019-03-24,12.1,,55.6,11.4
192,柳林,2019-03-25,13.1,,64.9,8.2
192,柳林,2019-03-26,21.1,,59.8,10.5
192,柳林,2019-03-27,20.1,,55.5,10.7
192,柳林,2019-03-28,19.5,,68,9.6
192,柳林,2019-03-29,19.5,,77,8.8
192,柳林,2019-03-30,18.1,0,53.5,9.8
192,柳林,2019-03-31,11.8,,37.8,10.8
192,柳林,2019-04-01,13.4,,42.1,10.7
192,柳林,2019-04-02,15.3,,45.6,11.4
192,柳林,2019-04-03,15.7,,33,11.3
192,柳林,2019-04-04,20.5,,40.3,11.2
192,柳林,2019-04-05,21.9,,48.8,11.1
192,柳林,2019-04-06,20.7,,45.5,11.3
192,柳林,2019-04-07,18.5,,82.4,1.3
192,柳林,2019-04-08,21.6,,67.9,8.6
192,柳林,2019-04-09,16.4,24,66.5,5.3
192,柳林,2019-04-10,11.6,10.9,79.6,0
192,柳林,2019-04-11,14.3,,76.5,5.8
192,柳林,2019-04-12,19.4,,63.9,9
192,柳林,2019-04-13,18.8,,58.4,7.2
192,柳林,2019-04-14,16.5,0,54.6,3.6
192,柳林,2019-04-15,21.5,,52.8,12
192,柳林,2019-04-16,22.8,,54.5,10.3
192,柳林,2019-04-17,21.6,,62.4,8.2
192,柳林,2019-04-18,23.8,,72,11.6
192,柳林,2019-04-19,16.6,,82,.9
192,柳林,2019-04-20,22.3,,71.5,11.8
192,柳林,2019-04-21,25,,74.5,7.3
192,柳林,2019-04-22,26,,73.5,11.1
192,柳林,2019-04-23,18.5,8.3,90.1,0
192,柳林,2019-04-24,21.7,6,93.3,1.9
192,柳林,2019-04-25,17.2,11.1,95.4,.1
192,柳林,2019-04-26,15.1,0,80.1,.4
192,柳林,2019-04-27,18.7,0,71.1,11.1
192,柳林,2019-04-28,18.9,.1,76.5,5.5
192,柳林,2019-04-29,11.8,54.2,94,0
192,柳林,2019-04-30,20.8,,85,6.9
192,柳林,2019-05-01,23.7,,71,7.3
192,柳林,2019-05-02,25.1,,59,12.6
192,柳林,2019-05-03,27.9,,55.5,12.6
192,柳林,2019-05-04,28.2,,60.6,11.4
192,柳林,2019-05-05,27.6,,60.1,11.6
192,柳林,2019-05-06,24.1,,65.4,10.9
192,柳林,2019-05-07,22.2,0,58,12.9
192,柳林,2019-05-08,22.9,,59.6,9.9
192,柳林,2019-05-09,24.8,,54.9,10.1
192,柳林,2019-05-10,27.6,,56.9,11.5
192,柳林,2019-05-11,28,,55.8,12.5
192,柳林,2019-05-12,28.5,,55.3,12.3
192,柳林,2019-05-13,25.4,,65.5,10.4
192,柳林,2019-05-14,26.9,0,72,9.3
192,柳林,2019-05-15,28.8,,70.3,11
192,柳林,2019-05-16,30.1,,64.8,11.6
192,柳林,2019-05-17,29.5,4.7,67.5,8.4
192,柳林,2019-05-18,18,44.2,93.6,0
192,柳林,2019-05-19,20.4,15.7,95,0
192,柳林,2019-05-20,22.9,.4,67.8,5.8
192,柳林,2019-05-21,26.2,,46.9,13.1
192,柳林,2019-05-22,27.7,,57,13.1
192,柳林,2019-05-23,31.8,,61.3,12.8
192,柳林,2019-05-24,30.5,,64.8,12.8
192,柳林,2019-05-25,32.2,,62.4,10
192,柳林,2019-05-26,28.5,.1,66.9,9.2
192,柳林,2019-05-27,21.2,66,90.5,0
192,柳林,2019-05-28,26.6,,50.8,9.6
192,柳林,2019-05-29,30.3,,54.1,13.3
192,柳林,2019-05-30,29,0,54.4,9.9
192,柳林,2019-05-31,22.6,1.2,76.3,8.1
192,柳林,2019-06-01,27,,67.3,10.3
192,柳林,2019-06-02,28.6,,65.8,12.3
192,柳林,2019-06-03,30.3,,64.9,12.7
192,柳林,2019-06-04,30.7,,71.4,12.1
192,柳林,2019-06-05,32.7,,65.9,12.5
192,柳林,2019-06-06,28.3,21.4,82.1,7.4
192,柳林,2019-06-07,22.7,15.8,89.3,.2
192,柳林,2019-06-08,25.8,.2,79.3,10.2
192,柳林,2019-06-09,26.2,,71.8,11
192,柳林,2019-06-10,23.1,.3,72.4,2.6
192,柳林,2019-06-11,24.9,1.9,75.9,7.6
192,柳林,2019-06-12,27.6,,71.8,10.2
192,柳林,2019-06-13,28.3,,72.3,9.1
192,柳林,2019-06-14,22.7,2.7,82.9,.3
192,柳林,2019-06-15,29.2,0,67.6,10.6
192,柳林,2019-06-16,27,,70.8,10
192,柳林,2019-06-17,26.9,,73.9,8.9
192,柳林,2019-06-18,27.5,,76,5.3
192,柳林,2019-06-19,30.1,0,77.6,8.6
192,柳林,2019-06-20,30.1,,72.3,10.8
192,柳林,2019-06-21,30.1,,69.9,11
192,柳林,2019-06-22,27.7,.5,75.4,3.7
192,柳林,2019-06-23,28.4,6.3,71.9,11
192,柳林,2019-06-24,27.7,,76.3,10.2
192,柳林,2019-06-25,29.9,,71.9,12.7
192,柳林,2019-06-26,19.8,93.7,93.4,0
192,柳林,2019-06-27,29.6,40,88.5,4.9
192,柳林,2019-06-28,28.3,,81.5,6.7
192,柳林,2019-06-29,21.5,60.9,94.5,0
192,柳林,2019-06-30,29.6,,86.1,4.4
192,柳林,2019-07-01,26.2,.3,87.1,1.2
192,柳林,2019-07-02,29.6,,78,11.6
192,柳林,2019-07-03,28.2,,81.9,4.8
192,柳林,2019-07-04,31.6,,72.3,11.9
192,柳林,2019-07-05,31.6,,74.6,12
192,柳林,2019-07-06,32,,63.4,13.2
192,柳林,2019-07-07,28.6,,69,6.3
192,柳林,2019-07-08,28,0,65.6,6.7
192,柳林,2019-07-09,26.7,,67.1,4
192,柳林,2019-07-10,21.8,27,87.1,0
192,柳林,2019-07-11,29.5,.1,80.5,6.1
192,柳林,2019-07-12,29.5,,73.4,10.4
192,柳林,2019-07-13,25.2,.9,87.6,3.4
192,柳林,2019-07-14,29.2,.6,80.3,6.5
192,柳林,2019-07-15,28.9,5.1,79.1,6.6
192,柳林,2019-07-16,29.3,4.8,81.1,8.5
192,柳林,2019-07-17,29.1,2,78,9.8
192,柳林,2019-07-18,24.2,24.8,91.3,0
192,柳林,2019-07-19,24.7,30.7,94.5,0
192,柳林,2019-07-20,25.7,113.1,93.9,0
192,柳林,2019-07-21,28.6,24,87.3,2.3
192,柳林,2019-07-22,31.7,,85.1,8.8
192,柳林,2019-07-23,32.1,,82.5,9.3
192,柳林,2019-07-24,28.9,,86.3,1.6
192,柳林,2019-07-25,29.5,0,88.6,2.5
192,柳林,2019-07-26,29.7,0,87.3,2.5
192,柳林,2019-07-27,28.3,.6,90.1,0
192,柳林,2019-07-28,31,,82.6,7.1
192,柳林,2019-07-29,32.1,,81,11.3
192,柳林,2019-07-30,32.1,,80.4,9.7
192,柳林,2019-07-31,32.6,,79.3,11.9
192,柳林,2019-08-01,33.6,,78.6,12.5
192,柳林,2019-08-02,35.2,,77.8,12
192,柳林,2019-08-03,34.4,,79.1,9.8
192,柳林,2019-08-04,34.9,,73.3,11.6
192,柳林,2019-08-05,35.7,,75.4,9.7
192,柳林,2019-08-06,29.8,7.3,78.8,2.4
192,柳林,2019-08-07,33.3,0,80.6,10.6
192,柳林,2019-08-08,33.7,,77.5,10.2
192,柳林,2019-08-09,34.2,,76.9,11.8
192,柳林,2019-08-10,34.1,,75.4,11.9
192,柳林,2019-08-11,32.5,,75.5,7.8
192,柳林,2019-08-12,30.9,.2,79.5,2.4
192,柳林,2019-08-13,35.4,2.2,81.1,8.1
192,柳林,2019-08-14,34.7,.6,71.8,8.9
192,柳林,2019-08-15,32.7,.3,75.6,3.5
192,柳林,2019-08-16,33.2,,71.4,11.1
192,柳林,2019-08-17,32.7,,73.8,12.1
192,柳林,2019-08-18,33.2,,70.3,11.2
192,柳林,2019-08-19,31.9,,74.6,7.1
192,柳林,2019-08-20,31.1,.2,72,5.7
192,柳林,2019-08-21,28.6,13.3,82.8,.3
192,柳林,2019-08-22,31.7,29.8,87,4.8
192,柳林,2019-08-23,29,0,82.1,5
192,柳林,2019-08-24,29.3,,74.4,8.9
192,柳林,2019-08-25,26,.3,84.9,.8
192,柳林,2019-08-26,30.5,,77.5,10.5
192,柳林,2019-08-27,24.2,10.7,92.8,0
192,柳林,2019-08-28,27.6,.3,88.8,1.3
192,柳林,2019-08-29,24.1,.2,89.8,0
192,柳林,2019-08-30,29.8,,74.6,8.4
192,柳林,2019-08-31,29.5,,77.1,7.9
192,柳林,2019-09-01,24.8,2.3,87.8,.2
192,柳林,2019-09-02,21.4,24.9,94.6,0
192,柳林,2019-09-03,24.6,95.9,94.5,0
192,柳林,2019-09-04,25.6,11.5,94.6,0
192,柳林,2019-09-05,29.9,7,88.3,5.6
192,柳林,2019-09-06,30.2,1.8,85.8,1.4
192,柳林,2019-09-07,27.6,27,85.1,1.7
192,柳林,2019-09-08,29.1,.2,85.8,3.7
192,柳林,2019-09-09,31.6,.7,85.6,3.4
192,柳林,2019-09-10,29.8,.2,82,9.3
192,柳林,2019-09-11,30.5,1.8,83.8,6.3
192,柳林,2019-09-12,22,.5,88,0
192,柳林,2019-09-13,27.9,,75.4,8.8
192,柳林,2019-09-14,30.1,,77.5,9.9
192,柳林,2019-09-15,30.7,,77.6,8
192,柳林,2019-09-16,29,,71.6,9.2
192,柳林,2019-09-17,28.2,,69.4,11
192,柳林,2019-09-18,30.3,,67.4,9.7
192,柳林,2019-09-19,26,,72.3,8.6
192,柳林,2019-09-20,25.1,,72.1,6.5
192,柳林,2019-09-21,19.2,74.5,93.5,0
192,柳林,2019-09-22,20.2,99.2,88.4,0
192,柳林,2019-09-23,20.5,.1,86.6,0
192,柳林,2019-09-24,25.9,,79.6,8.3
192,柳林,2019-09-25,25.1,,80.4,9.2
192,柳林,2019-09-26,27.9,,81.6,8.2
192,柳林,2019-09-27,25.9,3.4,84.6,3.9
192,柳林,2019-09-28,26.3,1.2,91.1,1.7
192,柳林,2019-09-29,30.1,,86,7.5
192,柳林,2019-09-30,27.3,0,84.8,5.1
192,柳林,2019-10-01,23.6,16.5,95.6,0
192,柳林,2019-10-02,24.5,139.6,94.1,0
192,柳林,2019-10-03,28,4.1,80.6,7.8
192,柳林,2019-10-04,27.6,,83.4,9.5
192,柳林,2019-10-05,25.9,,78.4,6.6
192,柳林,2019-10-06,22.7,,70.6,6.7
192,柳林,2019-10-07,17.6,7.4,90.1,0
192,柳林,2019-10-08,23.6,,71.6,8.6
192,柳林,2019-10-09,22.6,,70,10.6
192,柳林,2019-10-10,24.1,,73,10.5
192,柳林,2019-10-11,27.2,,63.6,10.6
192,柳林,2019-10-12,25.1,,54.1,10.5
192,柳林,2019-10-13,23.1,,61.4,10.5
192,柳林,2019-10-14,24.5,,75.4,10.1
192,柳林,2019-10-15,18.8,,75.6,3
192,柳林,2019-10-16,21.5,,76.4,9.1
192,柳林,2019-10-17,19.3,,80.8,3.6
192,柳林,2019-10-18,16.7,9.8,87.4,0
192,柳林,2019-10-19,24.4,,80.9,7.9
192,柳林,2019-10-20,24,,80.1,10
192,柳林,2019-10-21,23.4,,78.6,10
192,柳林,2019-10-22,23.6,,80.4,9.4
192,柳林,2019-10-23,20.8,0,80.3,2.5
192,柳林,2019-10-24,22.1,,69.8,3.4
192,柳林,2019-10-25,24.2,,78.6,7.5
192,柳林,2019-10-26,19.9,,64.1,8.7
192,柳林,2019-10-27,18.3,,74.5,8.8
192,柳林,2019-10-28,18.9,,74.4,9.5
192,柳林,2019-10-29,20.5,,72.4,9.7
192,柳林,2019-10-30,19.7,,77.4,9.7
192,柳林,2019-10-31,21.4,,77.3,9.9
192,柳林,2019-11-01,23.2,,79.4,9
192,柳林,2019-11-02,20.4,,84.3,7.9
192,柳林,2019-11-03,21.4,,80.5,7.7
192,柳林,2019-11-04,19,,81.1,5.8
192,柳林,2019-11-05,20.1,,79.5,9.1
192,柳林,2019-11-06,20.5,,75.9,9.4
192,柳林,2019-11-07,19.6,,72.9,9.2
192,柳林,2019-11-08,17.8,,71.5,9.4
192,柳林,2019-11-09,19.5,,69.5,9.3
192,柳林,2019-11-10,17.2,8.1,76.6,4.3
192,柳林,2019-11-11,19.5,0,68.4,8.2
192,柳林,2019-11-12,17.8,,77.9,9
192,柳林,2019-11-13,16.2,0,68.8,.8
192,柳林,2019-11-14,12.8,,47.9,9.2
192,柳林,2019-11-15,16.2,,66.9,9.2
192,柳林,2019-11-16,20,,80.4,8.9
192,柳林,2019-11-17,17.7,.5,93.4,0
192,柳林,2019-11-18,19.2,12.8,64.1,.2
192,柳林,2019-11-19,9.8,,63,7.2
192,柳林,2019-11-20,11.5,,55.9,9
192,柳林,2019-11-21,14.5,,57,8.8
192,柳林,2019-11-22,18.2,,71.9,8.9
192,柳林,2019-11-23,19.7,,80,8.9
192,柳林,2019-11-24,20.4,.1,84.3,4.8
192,柳林,2019-11-25,14.7,,56.8,1.6
192,柳林,2019-11-26,15.3,,69.1,8.2
192,柳林,2019-11-27,12.3,,65.3,.2
192,柳林,2019-11-28,12.8,,69.4,5.6
192,柳林,2019-11-29,14,,60.9,8.4
192,柳林,2019-11-30,15.3,,59.1,8.7
192,柳林,2019-12-01,8.3,26.7,91.5,0
192,柳林,2019-12-02,9.4,,54.6,8.3
192,柳林,2019-12-03,8.2,,74.9,6.8
192,柳林,2019-12-04,12,,71,8.6
192,柳林,2019-12-05,9,,56.5,8.5
192,柳林,2019-12-06,5.1,,44.5,7
192,柳林,2019-12-07,9.9,,60.9,8.6
192,柳林,2019-12-08,10,,73.3,7.5
192,柳林,2019-12-09,11,,71.1,8.5
192,柳林,2019-12-10,15.8,,79.8,7.8
192,柳林,2019-12-11,17,,67.4,6
192,柳林,2019-12-12,9.1,,45.1,8.5
192,柳林,2019-12-13,9.5,,63.4,7.8
192,柳林,2019-12-14,12,,59.6,8.2
192,柳林,2019-12-15,13.5,,69,7.9
192,柳林,2019-12-16,14,,80.6,6.7
192,柳林,2019-12-17,13,0,83.3,1.1
192,柳林,2019-12-18,14.1,,57.8,8.4
192,柳林,2019-12-19,11.6,,47.1,7.6
192,柳林,2019-12-20,8.6,,58.9,7.2
192,柳林,2019-12-21,4.5,,71.4,0
192,柳林,2019-12-22,9.5,,72.9,2.5
192,柳林,2019-12-23,12.1,,73.3,6.9
192,柳林,2019-12-24,11.6,,70.9,7.5
192,柳林,2019-12-25,13.8,,61.3,8.4
192,柳林,2019-12-26,6.7,1.2,72,0
192,柳林,2019-12-27,7.8,,45.1,8.5
192,柳林,2019-12-28,8.2,,65,8.4
192,柳林,2019-12-29,5.4,13,78.6,0
192,柳林,2019-12-30,11.1,.6,84.1,1.8
192,柳林,2019-12-31,3.5,,35.3,8.5
192,柳林,2020-01-01,6.9,,56.1,8.5
192,柳林,2020-01-02,9,,74,8.5
192,柳林,2020-01-03,10.8,,71.9,8.5
192,柳林,2020-01-04,10.6,,67.4,8
192,柳林,2020-01-05,10.8,,61.6,8.4
192,柳林,2020-01-06,4.6,13.8,85.3,0
192,柳林,2020-01-07,17.3,40.3,93.6,0
192,柳林,2020-01-08,14.3,,66.4,3.8
192,柳林,2020-01-09,9.8,,63.9,8.1
192,柳林,2020-01-10,9.6,,70.6,8.6
192,柳林,2020-01-11,10.2,,66.4,8.6
192,柳林,2020-01-12,8.2,,60.5,8.6
192,柳林,2020-01-13,7.4,,68.8,8.2
192,柳林,2020-01-14,6.1,,58.9,4.5
192,柳林,2020-01-15,7.3,,63.9,8.7
192,柳林,2020-01-16,7.8,,52.8,6.8
192,柳林,2020-01-17,9.6,,51.1,7.7
192,柳林,2020-01-18,11.8,,51.6,8.1
192,柳林,2020-01-19,10.5,,65.9,5.3
192,柳林,2020-01-20,9.3,,66.9,8.7
192,柳林,2020-01-21,9.3,,53,8.9
192,柳林,2020-01-22,4.9,20.1,76,0
192,柳林,2020-01-23,10.8,7.9,93.4,.3
192,柳林,2020-01-24,13.3,,77.4,7.1
192,柳林,2020-01-25,10.3,,82.4,.1
192,柳林,2020-01-26,11.6,,72.4,3.5
192,柳林,2020-01-27,8.5,22.8,89.6,0
192,柳林,2020-01-28,11.3,.3,70.4,0
192,柳林,2020-01-29,10.5,.5,81.6,.8
192,柳林,2020-01-30,10.4,,72.6,5.2
192,柳林,2020-01-31,10.2,,73.1,8.5
192,柳林,2020-02-01,10.1,,70.3,9.1
192,柳林,2020-02-02,10.9,,74.1,9
192,柳林,2020-02-03,9.6,,65,8.4
192,柳林,2020-02-04,9.2,,60.9,9.5
192,柳林,2020-02-05,4.8,,35.5,9.6
192,柳林,2020-02-06,5.3,,31.5,8.6
192,柳林,2020-02-07,9.8,,40.9,8.5
192,柳林,2020-02-08,8.9,,49.3,9.6
192,柳林,2020-02-09,8.4,,50.4,9.7
192,柳林,2020-02-10,12.6,,64.5,9.4
192,柳林,2020-02-11,14.3,,62.9,8.9
192,柳林,2020-02-12,11.3,20.8,93.9,0
192,柳林,2020-02-13,15.9,,85.1,7.8
192,柳林,2020-02-14,19.2,,73.6,9.6
192,柳林,2020-02-15,16.8,.5,76.4,5.2
192,柳林,2020-02-16,10.3,4,64,3.9
192,柳林,2020-02-17,2.4,,51.1,6.3
192,柳林,2020-02-18,8.5,,48.3,10.2
192,柳林,2020-02-19,12.2,,54.9,9.9
192,柳林,2020-02-20,14.8,,58.9,9.9
192,柳林,2020-02-21,15.1,1.3,70.4,8.8
192,柳林,2020-02-22,13,.5,52.9,10
192,柳林,2020-02-23,11.4,,59.1,10.1
192,柳林,2020-02-24,16.1,.6,66,8.9
192,柳林,2020-02-25,9.1,17.1,94.5,0
192,柳林,2020-02-26,15.2,,79.1,5.5
192,柳林,2020-02-27,11,,67.6,4.3
192,柳林,2020-02-28,7.1,1.3,84.5,0
192,柳林,2020-02-29,12.1,,83.1,2.9
192,柳林,2020-03-01,15.3,0,74.1,3.8
192,柳林,2020-03-02,13.7,,43.6,9.8
192,柳林,2020-03-03,13.2,,67.6,5.5
192,柳林,2020-03-04,12,0,52,9.1
192,柳林,2020-03-05,11.8,,46.8,10.7
192,柳林,2020-03-06,13.8,,57.5,10.8
192,柳林,2020-03-07,9.6,3.9,86.6,.7
192,柳林,2020-03-08,17.2,,75.1,10.5
192,柳林,2020-03-09,13.7,7.4,85,.6
192,柳林,2020-03-10,11,10.3,79.3,0
192,柳林,2020-03-11,12.3,,56.6,10.7
192,柳林,2020-03-12,15.6,,56.8,10.8
192,柳林,2020-03-13,17.3,,52.6,8.6
192,柳林,2020-03-14,11.8,,24.1,10.9
192,柳林,2020-03-15,13.1,0,46.1,8.6
192,柳林,2020-03-16,11.9,,42.8,10.9
192,柳林,2020-03-17,18.7,,54.4,10.8
192,柳林,2020-03-18,18.2,,58.8,10.9
192,柳林,2020-03-19,18.5,,50.1,10.6
192,柳林,2020-03-20,16.4,,36.6,11.2
192,柳林,2020-03-21,20.8,,62.3,10.8
192,柳林,2020-03-22,22.2,,75.1,9.9
192,柳林,2020-03-23,20.3,,46.6,11.4
192,柳林,2020-03-24,18.7,,56.8,11
192,柳林,2020-03-25,19.6,,58.9,11.2
192,柳林,2020-03-26,12.6,18.6,88.8,0
192,柳林,2020-03-27,22.6,.9,79.6,4.1
192,柳林,2020-03-28,12.3,,59.3,0
192,柳林,2020-03-29,15.9,,65.8,8.9
192,柳林,2020-03-30,18.4,,64.3,11.2
192,柳林,2020-03-31,20.6,,65.9,11.3
192,柳林,2020-04-01,20.9,.4,46.8,6
192,柳林,2020-04-02,18.1,,44.6,10.8
192,柳林,2020-04-03,19.8,,47.9,11.1
192,柳林,2020-04-04,21.7,,42.1,11.3
192,柳林,2020-04-05,16.7,,43.8,11.3
192,柳林,2020-04-06,18.4,,51.1,10.5
192,柳林,2020-04-07,22.1,,51.3,11.2
192,柳林,2020-04-08,20,,37.3,11.4
192,柳林,2020-04-09,18.2,,42,11.3
192,柳林,2020-04-10,11.7,0,65.8,0
192,柳林,2020-04-11,13.3,4.2,79.3,.4
192,柳林,2020-04-12,13.2,4.4,73,5.3
192,柳林,2020-04-13,16.7,,49.6,10.5
192,柳林,2020-04-14,22.8,,54.8,11.8
192,柳林,2020-04-15,20.5,,54.9,8.7
192,柳林,2020-04-16,20,,68.1,11.7
192,柳林,2020-04-17,12,28.9,90.8,0
192,柳林,2020-04-18,21.7,,70.3,11.4
192,柳林,2020-04-19,14,30,90.3,.1
192,柳林,2020-04-20,20,,68.5,9.5
192,柳林,2020-04-21,18.3,,36.9,11.2
192,柳林,2020-04-22,14.6,,40.6,11.5
192,柳林,2020-04-23,15.8,,51,12.4
192,柳林,2020-04-24,17.8,,42.3,12.4
192,柳林,2020-04-25,21.3,,58.8,12.2
192,柳林,2020-04-26,20.7,,52.4,11.7
192,柳林,2020-04-27,20.6,,50.8,11.5
192,柳林,2020-04-28,21.9,,54.3,12.5
192,柳林,2020-04-29,24.2,,51.4,12.6
192,柳林,2020-04-30,23.5,,68,12.6
192,柳林,2020-05-01,25.5,,74.1,12.2
192,柳林,2020-05-02,26.3,1.3,81.5,4.4
192,柳林,2020-05-03,18.2,29.5,94.9,0
192,柳林,2020-05-04,28.2,,81,10.2
192,柳林,2020-05-05,20.5,,81.1,.9
192,柳林,2020-05-06,28.8,,63.5,12.6
192,柳林,2020-05-07,24.5,,53.5,12.6
192,柳林,2020-05-08,22.6,0,66.6,9.3
192,柳林,2020-05-09,19.2,45.9,92.6,0
192,柳林,2020-05-10,25.4,,72.1,9.3
192,柳林,2020-05-11,28.9,,58.8,12.6
192,柳林,2020-05-12,24.8,,44.3,12.7
192,柳林,2020-05-13,25.6,,51.8,12.7
192,柳林,2020-05-14,25.9,,55.3,9.4
192,柳林,2020-05-15,16.8,17.8,91.9,0
192,柳林,2020-05-16,26.2,.8,84.8,7
192,柳林,2020-05-17,24,,82.6,7.8
192,柳林,2020-05-18,21.1,13.6,89,0
192,柳林,2020-05-19,18.7,0,75.5,6.6
192,柳林,2020-05-20,23.3,,72.3,7.5
192,柳林,2020-05-21,21.2,,75.8,5.6
192,柳林,2020-05-22,23.2,,72.9,11.3
192,柳林,2020-05-23,25.2,,72.4,13
192,柳林,2020-05-24,25.1,,80.3,5.5
192,柳林,2020-05-25,24.9,,74.4,4.1
192,柳林,2020-05-26,25.1,,78,6
192,柳林,2020-05-27,27.3,,63.3,12
192,柳林,2020-05-28,26.2,,66.5,13.1
192,柳林,2020-05-29,28.3,,65.5,12.1
192,柳林,2020-05-30,25.5,,61.8,4
192,柳林,2020-05-31,26.2,1.2,73.8,4
192,柳林,2020-06-01,28.9,,63.1,11.9
192,柳林,2020-06-02,28.6,0,56.6,12.7
192,柳林,2020-06-03,27.8,,77.3,6.1
192,柳林,2020-06-04,30.9,,76.6,10.2
192,柳林,2020-06-05,31.1,,72.3,10.4
192,柳林,2020-06-06,30,2.5,77.9,5.2
192,柳林,2020-06-07,29,,71.3,10.3
192,柳林,2020-06-08,32.2,,63.6,13
192,柳林,2020-06-09,33.1,,67.6,13.1
192,柳林,2020-06-10,32.8,.4,75.8,10.4
192,柳林,2020-06-11,31.2,3.2,85.9,4.8
192,柳林,2020-06-12,30.2,11.2,87.5,5
192,柳林,2020-06-13,27.2,39.6,91.9,.6
192,柳林,2020-06-14,29.1,11.6,90.9,4.1
192,柳林,2020-06-15,30.4,,75.1,12
192,柳林,2020-06-16,31.8,,64.9,13.2
192,柳林,2020-06-17,26.7,.5,77.9,4.8
192,柳林,2020-06-18,20.4,38.5,95.9,0
192,柳林,2020-06-19,29.2,2.2,77.1,8.3
192,柳林,2020-06-20,28.6,,80.4,5.8
192,柳林,2020-06-21,29.2,,78.8,9.9
192,柳林,2020-06-22,30,,76.4,11.7
192,柳林,2020-06-23,30.5,,75.1,10.7
192,柳林,2020-06-24,24.7,26.9,92.8,0
192,柳林,2020-06-25,25.2,2.9,94.9,0
192,柳林,2020-06-26,30.7,,76.4,12
192,柳林,2020-06-27,30.2,,82.1,7.3
192,柳林,2020-06-28,31.4,,78.5,11.7
192,柳林,2020-06-29,25.3,92.6,92.3,0
192,柳林,2020-06-30,26.7,2.1,77,8.7
192,柳林,2020-07-01,27.5,,77.4,6.2
192,柳林,2020-07-02,27.1,,81.4,5.8
192,柳林,2020-07-03,21.3,10.4,91.4,0
192,柳林,2020-07-04,25.1,,84.5,1.1
192,柳林,2020-07-05,27.1,,83.8,4
192,柳林,2020-07-06,24,0,92.8,0
192,柳林,2020-07-07,30.1,,84.9,9.6
192,柳林,2020-07-08,30.2,,80.3,9.4
192,柳林,2020-07-09,27.3,2.6,90.6,.5
192,柳林,2020-07-10,28.7,62.6,91.6,3.7
192,柳林,2020-07-11,29.7,,87.3,2.9
192,柳林,2020-07-12,22.1,71,95.1,0
192,柳林,2020-07-13,20.2,121.1,98.9,0
192,柳林,2020-07-14,23.1,7.9,96.3,0
192,柳林,2020-07-15,21.7,7.5,97.8,0
192,柳林,2020-07-16,28.2,,83.1,8.9
192,柳林,2020-07-17,29.4,,81.9,8.9
192,柳林,2020-07-18,25.7,,84.8,1.7
192,柳林,2020-07-19,26.2,6.6,94.1,0
192,柳林,2020-07-20,30.2,.7,88,4.2
192,柳林,2020-07-21,29.6,8.3,84.4,6
192,柳林,2020-07-22,25.1,36.1,95.3,0
192,柳林,2020-07-23,23.7,102.8,96.8,0
192,柳林,2020-07-24,22.7,9.3,92.5,0
192,柳林,2020-07-25,24.5,5.2,95.6,.1
192,柳林,2020-07-26,28.8,,81.3,10.8
192,柳林,2020-07-27,25.2,41.4,94.9,0
192,柳林,2020-07-28,28.9,21.9,94.9,.7
192,柳林,2020-07-29,27.4,23.7,95.6,.3
192,柳林,2020-07-30,30.8,48.4,93.8,3.2
192,柳林,2020-07-31,31.3,,88.3,6.5
192,柳林,2020-08-01,31.1,,85.1,5.9
192,柳林,2020-08-02,31.4,,84.6,5.3
192,柳林,2020-08-03,30.4,,84.9,2.4
192,柳林,2020-08-04,31.2,,85.8,8.3
192,柳林,2020-08-05,29.5,26.6,90.4,2.3
192,柳林,2020-08-06,27.8,11.8,89.3,.2
192,柳林,2020-08-07,27.3,90.3,95,0
192,柳林,2020-08-08,26.3,107.5,94.4,0
192,柳林,2020-08-09,30.6,1.1,84.6,9.2
192,柳林,2020-08-10,28,68.9,95.3,0
192,柳林,2020-08-11,29.8,21.9,89.8,3
192,柳林,2020-08-12,30.9,1.8,88.6,3.1
192,柳林,2020-08-13,32.7,,84.5,8.3
192,柳林,2020-08-14,32.2,,82.5,12.1
192,柳林,2020-08-15,34.5,,79.4,12.5
192,柳林,2020-08-16,33.3,,81.5,11.3
192,柳林,2020-08-17,34.8,,81.3,10.1
192,柳林,2020-08-18,35,,79.5,12.2
192,柳林,2020-08-19,35.2,,78.5,12.3
192,柳林,2020-08-20,35.7,,77.4,12.3
192,柳林,2020-08-21,32.9,,80.8,8.2
192,柳林,2020-08-22,30.8,,79.1,4.1
192,柳林,2020-08-23,32.2,,79.5,8.4
192,柳林,2020-08-24,33.2,,79.1,11.5
192,柳林,2020-08-25,34.1,0,77.8,10.5
192,柳林,2020-08-26,32.6,8.3,85,4.9
192,柳林,2020-08-27,30.8,14.6,88.8,3.3
192,柳林,2020-08-28,30.6,.8,90.1,4.1
192,柳林,2020-08-29,31.9,.9,86.9,8.5
192,柳林,2020-08-30,34.3,0,83.8,8.6
192,柳林,2020-08-31,30.2,2.2,81.9,2.2
192,柳林,2020-09-01,30.5,0,79.6,4.1
192,柳林,2020-09-02,27.1,49.9,91,0
192,柳林,2020-09-03,30.6,50.5,66.6,10.5
192,柳林,2020-09-04,29.2,,81.3,9.8
192,柳林,2020-09-05,22.6,7.3,92.9,0
192,柳林,2020-09-06,22.7,7.9,89.1,0
192,柳林,2020-09-07,24.9,49.9,81.1,1.8
192,柳林,2020-09-08,29.1,.5,79.9,8.5
192,柳林,2020-09-09,27.2,10.8,85.6,6.8
192,柳林,2020-09-10,28.9,10.5,82.9,7.9
192,柳林,2020-09-11,26.3,3.3,88.5,.6
192,柳林,2020-09-12,24.5,2.4,82.4,1.6
192,柳林,2020-09-13,23.8,.4,86.8,1
192,柳林,2020-09-14,27.7,,83,6.8
192,柳林,2020-09-15,28.3,,80,9.8
192,柳林,2020-09-16,23.3,1.8,91.6,.1
192,柳林,2020-09-17,23.7,3.7,92.6,.1
192,柳林,2020-09-18,23.4,1.1,87.6,1.7
192,柳林,2020-09-19,26.5,,74.5,10.1
192,柳林,2020-09-20,27,,71.8,10.7
192,柳林,2020-09-21,24.5,,71.1,10.5
192,柳林,2020-09-22,23.2,,75.6,4.4
192,柳林,2020-09-23,22.6,,70.5,1.2
192,柳林,2020-09-24,24.5,0,70.8,4.5
192,柳林,2020-09-25,25.7,,74.6,7.1
192,柳林,2020-09-26,26,,73.8,8.5
192,柳林,2020-09-27,25.2,,75.5,8.7
192,柳林,2020-09-28,24.7,,76,10.6
192,柳林,2020-09-29,25.3,,78.1,10.1
192,柳林,2020-09-30,26,,72.8,9.3
192,柳林,2020-10-01,26.1,,75.4,9.7
192,柳林,2020-10-02,25.4,,82.1,8.5
192,柳林,2020-10-03,26.3,0,77.4,5.7
192,柳林,2020-10-04,24.8,.2,82.8,1.8
192,柳林,2020-10-05,21.3,,52.1,10.5
192,柳林,2020-10-06,22.8,,62.1,10.5
192,柳林,2020-10-07,23.2,,60.5,10.1
192,柳林,2020-10-08,22.9,,57,9.8
192,柳林,2020-10-09,23.3,,53.1,9.6
192,柳林,2020-10-10,24,,64.4,4.3
192,柳林,2020-10-11,22.9,,72.8,8.4
192,柳林,2020-10-12,24.8,,73,9.2
192,柳林,2020-10-13,22.8,,63.1,7.7
192,柳林,2020-10-14,22.1,,63.5,5.6
192,柳林,2020-10-15,22.5,,50.1,9.6
192,柳林,2020-10-16,17.1,0,73.6,.4
192,柳林,2020-10-17,22.4,,71.3,9.3
192,柳林,2020-10-18,22.1,,72,9.9
192,柳林,2020-10-19,22.2,,69.4,9.7
192,柳林,2020-10-20,23.2,,68.9,10
192,柳林,2020-10-21,18.6,27.6,85,1
192,柳林,2020-10-22,18.7,.8,77.6,1.3
192,柳林,2020-10-23,18,,53.1,10
192,柳林,2020-10-24,18.6,,63.5,10
192,柳林,2020-10-25,21.2,,74,9.1
192,柳林,2020-10-26,21.3,,74,9.3
192,柳林,2020-10-27,21.8,,73.8,9.7
192,柳林,2020-10-28,20.4,0,80.9,4.2
192,柳林,2020-10-29,19.6,,65,9.9
192,柳林,2020-10-30,20.2,,69.1,9.9
192,柳林,2020-10-31,18.6,,75.4,9
192,柳林,2020-11-01,14.2,.4,82.9,.1
192,柳林,2020-11-02,18.6,1.9,79.6,5.3
192,柳林,2020-11-03,13.3,,57,9.5
192,柳林,2020-11-04,15.3,,64.6,9.5
192,柳林,2020-11-05,15.8,,63.5,8
192,柳林,2020-11-06,14.6,0,74.4,.1
192,柳林,2020-11-07,22.2,,77.9,5.9
192,柳林,2020-11-08,19.5,,51,9.3
192,柳林,2020-11-09,14.6,,42.9,9.3
192,柳林,2020-11-10,16.7,,56.8,9.4
192,柳林,2020-11-11,16.5,,63.8,9.3
192,柳林,2020-11-12,18.8,,72.5,9.2
192,柳林,2020-11-13,20.2,,74.4,9.2
192,柳林,2020-11-14,19.5,,82.3,8.1
192,柳林,2020-11-15,19.5,,79.6,9
192,柳林,2020-11-16,21.6,,73.4,8.4
192,柳林,2020-11-17,19.3,0,77.3,1.1
192,柳林,2020-11-18,23.6,1.9,86.5,1.2
192,柳林,2020-11-19,23.6,20.4,84.3,1.9
192,柳林,2020-11-20,14,,71.3,7.9
192,柳林,2020-11-21,15.3,,70.5,8.3
192,柳林,2020-11-22,12.1,1,80.3,0
192,柳林,2020-11-23,12.4,,59,8.8
192,柳林,2020-11-24,13.6,,59.8,7.1
192,柳林,2020-11-25,15.6,,59.6,8.8
192,柳林,2020-11-26,13.8,,62.5,4.9
192,柳林,2020-11-27,13.8,,60.3,5.8
192,柳林,2020-11-28,9,,51.3,7.6
192,柳林,2020-11-29,10.8,,60.9,8.7
192,柳林,2020-11-30,10.8,,55.9,8.7
192,柳林,2020-12-01,10.8,,52.4,8.4
192,柳林,2020-12-02,10.9,,52.4,3.5
192,柳林,2020-12-03,10.8,,54.5,8.6
192,柳林,2020-12-04,9.5,,48,8.6
192,柳林,2020-12-05,11.5,,66.9,8.6
192,柳林,2020-12-06,11.7,,73.1,8.6
192,柳林,2020-12-07,10.8,,77.6,3.9
192,柳林,2020-12-08,9,,61.9,7.4
192,柳林,2020-12-09,10.8,,63,8.5
192,柳林,2020-12-10,10.6,,61.6,3.2
192,柳林,2020-12-11,13.4,,73.3,5.6
192,柳林,2020-12-12,11.1,,53.5,7.4
192,柳林,2020-12-13,11.8,0,56,6.4
192,柳林,2020-12-14,1.9,,33.8,8.5
192,柳林,2020-12-15,2.1,,39.5,8.4
192,柳林,2020-12-16,3.1,,51.4,8.4
192,柳林,2020-12-17,6.1,,58.8,8.4
192,柳林,2020-12-18,8.8,,59.3,7.7
192,柳林,2020-12-19,4.9,,27.3,8
192,柳林,2020-12-20,7.3,,47.4,8.4
192,柳林,2020-12-21,7.7,,68.4,8.3
192,柳林,2020-12-22,8.6,,76.3,7.2
192,柳林,2020-12-23,9,,78.4,5.8
192,柳林,2020-12-24,12.8,,58.3,6.5
192,柳林,2020-12-25,7.9,,55,8.2
192,柳林,2020-12-26,9.7,,65.8,8.4
192,柳林,2020-12-27,7.1,5.3,83,.7
192,柳林,2020-12-28,11.3,,94.6,4
192,柳林,2020-12-29,12,3.8,87,3.7
192,柳林,2020-12-30,1.2,.1,49.9,8.1
192,柳林,2020-12-31,3.4,,50.9,8.5
192,柳林,2021-01-01,4.5,,65.3,7.6
192,柳林,2021-01-02,5.6,,56.5,8.4
192,柳林,2021-01-03,5.7,,40.9,6.5
192,柳林,2021-01-04,7.2,,60.5,8.5
192,柳林,2021-01-05,6.9,,51.9,3.7
192,柳林,2021-01-06,2.2,,48,8.6
192,柳林,2021-01-07,-1.3,,41.6,8
192,柳林,2021-01-08,-1.9,,48,8.4
192,柳林,2021-01-09,.5,,52.9,8.5
192,柳林,2021-01-10,1.9,,66.8,7
192,柳林,2021-01-11,1.3,,69.1,1.6
192,柳林,2021-01-12,5.4,,66.6,8.7
192,柳林,2021-01-13,11.8,,67.4,8.3
192,柳林,2021-01-14,13,,69.9,8.7
192,柳林,2021-01-15,15.6,,74.8,4
192,柳林,2021-01-16,8.5,,48.6,8.8
192,柳林,2021-01-17,3,,38.1,8.8
192,柳林,2021-01-18,5.1,.2,60.1,3.1
192,柳林,2021-01-19,5.6,,44,8.8
192,柳林,2021-01-20,10.6,,64,8.9
192,柳林,2021-01-21,12.6,1.7,77.8,5
192,柳林,2021-01-22,9.8,1.2,97.5,0
192,柳林,2021-01-23,11.6,1.4,87.9,0
192,柳林,2021-01-24,11.6,0,70.4,2.8
192,柳林,2021-01-25,14.3,,75.8,9
192,柳林,2021-01-26,7.4,10.3,94.5,0
