날짜,KOSPI지수,KOSDAQ지수
2016-02-01,"1,924.82",685.55
2016-02-02,"1,906.06",684.86
2016-02-03,"1,890.67",680.94
2016-02-04,"1,916.26",683.62
2016-02-05,"1,917.79",681.31
2016-02-06,,
2016-02-07,,
2016-02-08,,
2016-02-09,,
2016-02-10,,
2016-02-11,"1,861.54",647.69
2016-02-12,"1,835.28",608.45
2016-02-13,,
2016-02-14,,
2016-02-15,"1,862.20",621.37
2016-02-16,"1,888.30",634.95
2016-02-17,"1,883.94",623.49
2016-02-18,"1,908.84",638.43
2016-02-19,"1,916.24",644.56
2016-02-20,,
2016-02-21,,
2016-02-22,"1,916.36",650.14
2016-02-23,"1,914.22",642.31
2016-02-24,"1,912.53",643.98
2016-02-25,"1,918.57",646.27
2016-02-26,"1,920.16",649.3
2016-02-27,,
2016-02-28,,
2016-02-29,"1,916.66",651.62
2016-03-01,,
2016-03-02,"1,947.42",662.25
2016-03-03,"1,958.17",669.01
2016-03-04,"1,955.63",673.84
2016-03-05,,
2016-03-06,,
2016-03-07,"1,957.87",672.21
2016-03-08,"1,946.12",674.32
2016-03-09,"1,952.95",679.64
2016-03-10,"1,969.33",687.6
2016-03-11,"1,971.41",689.17
2016-03-12,,
2016-03-13,,
2016-03-14,"1,972.27",691.05
2016-03-15,"1,969.97",693.34
2016-03-16,"1,974.90",693.44
2016-03-17,"1,987.99",691.49
2016-03-18,"1,992.12",695.02
2016-03-19,,
2016-03-20,,
2016-03-21,"1,989.76",692.42
2016-03-22,"1,996.81",691.51
2016-03-23,"1,995.12",689.39
2016-03-24,"1,985.97",686.26
2016-03-25,"1,983.81",683.2
2016-03-26,,
2016-03-27,,
2016-03-28,"1,982.54",676.51
2016-03-29,"1,994.91",686.5
2016-03-30,"2,002.14",691.13
2016-03-31,"1,995.85",688.38
2016-04-01,"1,973.57",690.69
2016-04-02,,
2016-04-03,,
2016-04-04,"1,978.97",696.98
2016-04-05,"1,962.74",695.7
2016-04-06,"1,971.32",694.03
2016-04-07,"1,973.89",697.13
2016-04-08,"1,972.05",697.1
2016-04-09,,
2016-04-10,,
2016-04-11,"1,970.37",693.01
2016-04-12,"1,981.32",693.45
2016-04-13,,
2016-04-14,"2,015.93",693.42
2016-04-15,"2,014.71",695.62
2016-04-16,,
2016-04-17,,
2016-04-18,"2,009.10",695.34
2016-04-19,"2,011.36",701.68
2016-04-20,"2,005.83",699.86
2016-04-21,"2,022.10",701.62
2016-04-22,"2,015.49",703.05
2016-04-23,,
2016-04-24,,
2016-04-25,"2,014.55",703.7
2016-04-26,"2,019.63",702.06
2016-04-27,"2,015.40",699.52
2016-04-28,"2,000.93",699.7
2016-04-29,"1,994.15",699.77
2016-04-30,,
2016-05-01,,
2016-05-02,"1,978.15",690.27
2016-05-03,"1,986.41",698.66
2016-05-04,"1,976.71",694.17
2016-05-05,,
2016-05-06,,
2016-05-07,,
2016-05-08,,
2016-05-09,"1,967.81",691.82
2016-05-10,"1,982.50",700.23
2016-05-11,"1,980.10",703.94
2016-05-12,"1,977.49",705.04
2016-05-13,"1,966.99",704.37
2016-05-14,,
2016-05-15,,
2016-05-16,"1,967.91",701.46
2016-05-17,"1,968.06",695.95
2016-05-18,"1,956.73",683.87
2016-05-19,"1,946.78",679.39
2016-05-20,"1,947.67",684.92
2016-05-21,,
2016-05-22,,
2016-05-23,"1,955.25",691
2016-05-24,"1,937.68",687.71
2016-05-25,"1,960.51",689.33
2016-05-26,"1,957.06",687.94
2016-05-27,"1,969.17",691.54
2016-05-28,,
2016-05-29,,
2016-05-30,"1,967.13",692.06
2016-05-31,"1,983.40",698.45
2016-06-01,"1,982.72",700.03
2016-06-02,"1,985.11",701.15
2016-06-03,"1,985.84",701.43
2016-06-04,,
2016-06-05,,
2016-06-06,,
2016-06-07,"2,011.63",704.77
2016-06-08,"2,027.08",703.99
2016-06-09,"2,024.17",705.08
2016-06-10,"2,017.63",706.81
2016-06-11,,
2016-06-12,,
2016-06-13,"1,979.06",695.61
2016-06-14,"1,972.03",692.94
2016-06-15,"1,968.83",694.66
2016-06-16,"1,951.99",680.25
2016-06-17,"1,953.40",678.86
2016-06-18,,
2016-06-19,,
2016-06-20,"1,981.12",688.95
2016-06-21,"1,982.70",688.55
2016-06-22,"1,992.58",688.18
2016-06-23,"1,986.71",679.52
2016-06-24,"1,925.24",647.16
2016-06-25,,
2016-06-26,,
2016-06-27,"1,926.85",648.12
2016-06-28,"1,936.22",659.3
2016-06-29,"1,956.36",669.88
2016-06-30,"1,970.35",675.09
2016-07-01,"1,987.32",684.26
2016-07-02,,
2016-07-03,,
2016-07-04,"1,995.30",688.15
2016-07-05,"1,989.85",692.73
2016-07-06,"1,953.12",685.51
2016-07-07,"1,974.08",695.95
2016-07-08,"1,963.10",692.6
2016-07-09,,
2016-07-10,,
2016-07-11,"1,988.54",697.25
2016-07-12,"1,991.23",699.4
2016-07-13,"2,005.55",702.65
2016-07-14,"2,008.77",703.34
2016-07-15,"2,017.26",700.28
2016-07-16,,
2016-07-17,,
2016-07-18,"2,021.11",700.9
2016-07-19,"2,016.89",702.44
2016-07-20,"2,015.46",705.03
2016-07-21,"2,012.22",708.12
2016-07-22,"2,010.34",707.54
2016-07-23,,
2016-07-24,,
2016-07-25,"2,012.32",704.96
2016-07-26,"2,027.34",705.4
2016-07-27,"2,025.05",701.09
2016-07-28,"2,021.10",703.78
2016-07-29,"2,016.19",706.24
2016-07-30,,
2016-07-31,,
2016-08-01,"2,029.61",703.72
2016-08-02,"2,019.03",700.9
2016-08-03,"1,994.79",698.32
2016-08-04,"2,000.03",701.67
2016-08-05,"2,017.94",696.09
2016-08-06,,
2016-08-07,,
2016-08-08,"2,031.12",696.43
2016-08-09,"2,043.78",700.73
2016-08-10,"2,044.64",707.46
2016-08-11,"2,048.80",703.33
2016-08-12,"2,050.47",705.18
2016-08-13,,
2016-08-14,,
2016-08-15,,
2016-08-16,"2,047.76",698.87
2016-08-17,"2,043.75",693.67
2016-08-18,"2,055.47",696.93
2016-08-19,"2,056.24",696.2
2016-08-20,,
2016-08-21,,
2016-08-22,"2,042.16",688.15
2016-08-23,"2,049.93",687.38
2016-08-24,"2,043.76",687.78
2016-08-25,"2,042.92",683.96
2016-08-26,"2,037.50",680.43
2016-08-27,,
2016-08-28,,
2016-08-29,"2,032.35",663.58
2016-08-30,"2,039.74",667.61
2016-08-31,"2,034.65",663.69
2016-09-01,"2,032.72",671.29
2016-09-02,"2,038.31",676.91
2016-09-03,,
2016-09-04,,
2016-09-05,"2,060.08",679.49
2016-09-06,"2,066.53",679.26
2016-09-07,"2,061.88",672.49
2016-09-08,"2,063.73",667.4
2016-09-09,"2,037.87",664.99
2016-09-10,,
2016-09-11,,
2016-09-12,"1,991.48",652.91
2016-09-13,"1,999.36",660.15
2016-09-14,,
2016-09-15,,
2016-09-16,,
2016-09-17,,
2016-09-18,,
2016-09-19,"2,015.78",666.64
2016-09-20,"2,025.71",674.51
2016-09-21,"2,035.99",678.28
2016-09-22,"2,049.70",685.24
2016-09-23,"2,054.07",688.59
2016-09-24,,
2016-09-25,,
2016-09-26,"2,047.11",686.76
2016-09-27,"2,062.82",687.99
2016-09-28,"2,053.06",686.76
2016-09-29,"2,068.72",689.83
2016-09-30,"2,043.63",681.21
2016-10-01,,
2016-10-02,,
2016-10-03,,
2016-10-04,"2,054.86",685.88
2016-10-05,"2,053.00",685.44
2016-10-06,"2,065.30",684.33
2016-10-07,"2,053.80",675.9
2016-10-08,,
2016-10-09,,
2016-10-10,"2,056.82",674.74
2016-10-11,"2,031.93",670.64
2016-10-12,"2,033.73",669.95
2016-10-13,"2,015.44",663.09
2016-10-14,"2,022.66",664.92
2016-10-15,,
2016-10-16,,
2016-10-17,"2,027.61",659.83
2016-10-18,"2,040.43",660.29
2016-10-19,"2,040.94",661.26
2016-10-20,"2,040.60",655.68
2016-10-21,"2,033.00",651.77
2016-10-22,,
2016-10-23,,
2016-10-24,"2,047.74",647.88
2016-10-25,"2,037.17",640.17
2016-10-26,"2,013.89",635.51
2016-10-27,"2,024.12",648.57
2016-10-28,"2,019.42",640.17
2016-10-29,,
2016-10-30,,
2016-10-31,"2,008.19",624.68
2016-11-01,"2,007.39",626.38
2016-11-02,"1,978.94",606.06
2016-11-03,"1,983.80",609.99
2016-11-04,"1,982.02",610.82
2016-11-05,,
2016-11-06,,
2016-11-07,"1,997.58",622.17
2016-11-08,"2,003.38",624.19
2016-11-09,"1,958.38",599.74
2016-11-10,"2,002.60",623.23
2016-11-11,"1,984.43",621.89
2016-11-12,,
2016-11-13,,
2016-11-14,"1,974.40",621.23
2016-11-15,"1,967.53",617.43
2016-11-16,"1,979.65",627.83
2016-11-17,"1,980.55",627.76
2016-11-18,"1,974.58",620.26
2016-11-19,,
2016-11-20,,
2016-11-21,"1,966.05",609.33
2016-11-22,"1,983.47",610.74
2016-11-23,"1,987.95",600.29
2016-11-24,"1,971.26",592.65
2016-11-25,"1,974.46",597.82
2016-11-26,,
2016-11-27,,
2016-11-28,"1,978.13",593.05
2016-11-29,"1,978.39",596.07
2016-11-30,"1,983.48",596.11
2016-12-01,"1,983.75",593.85
2016-12-02,"1,970.61",586.73
2016-12-03,,
2016-12-04,,
2016-12-05,"1,963.36",575.12
2016-12-06,"1,989.86",581.35
2016-12-07,"1,991.89",578.52
2016-12-08,"2,031.07",584.62
2016-12-09,"2,024.69",594.35
2016-12-10,,
2016-12-11,,
2016-12-12,"2,027.24",603.08
2016-12-13,"2,035.98",611.09
2016-12-14,"2,036.87",612.47
2016-12-15,"2,036.65",620.61
2016-12-16,"2,042.24",622.08
2016-12-17,,
2016-12-18,,
2016-12-19,"2,038.39",622.77
2016-12-20,"2,041.94",617.99
2016-12-21,"2,037.96",618.63
2016-12-22,"2,035.73",615.93
2016-12-23,"2,035.90",619.75
2016-12-24,,
2016-12-25,,
2016-12-26,"2,037.75",615.16
2016-12-27,"2,042.17",618.38
2016-12-28,"2,024.49",627.27
2016-12-29,"2,026.46",631.44
2016-12-30,,
2016-12-31,,
2017-01-01,,
2017-01-02,"2,026.16",632.04
2017-01-03,"2,043.97",636.57
2017-01-04,"2,045.64",639.79
2017-01-05,"2,041.95",642.48
2017-01-06,"2,049.12",643.68
2017-01-07,,
2017-01-08,,
2017-01-09,"2,048.78",642.15
2017-01-10,"2,045.12",636.73
2017-01-11,"2,075.17",637.9
2017-01-12,"2,087.14",632.87
2017-01-13,"2,076.79",634.68
2017-01-14,,
2017-01-15,,
2017-01-16,"2,064.17",627.88
2017-01-17,"2,071.87",624
2017-01-18,"2,070.54",626.89
2017-01-19,"2,072.79",626.19
2017-01-20,"2,065.61",622.12
2017-01-21,,
2017-01-22,,
2017-01-23,"2,065.99",615.99
2017-01-24,"2,065.76",612.93
2017-01-25,"2,066.94",609.64
2017-01-26,"2,083.59",616.81
2017-01-27,,
2017-01-28,,
2017-01-29,,
2017-01-30,,
2017-01-31,"2,067.57",616.13
2017-02-01,"2,080.48",623.68
2017-02-02,"2,071.01",613.04
2017-02-03,"2,073.16",609.21
2017-02-04,,
2017-02-05,,
2017-02-06,"2,077.66",610.96
2017-02-07,"2,075.21",608.72
2017-02-08,"2,065.08",608.79
2017-02-09,"2,065.88",611.04
2017-02-10,"2,075.08",610.58
2017-02-11,,
2017-02-12,,
2017-02-13,"2,078.65",611.94
2017-02-14,"2,074.57",611.54
2017-02-15,"2,083.86",615.95
2017-02-16,"2,081.84",616.58
2017-02-17,"2,080.58",618.7
2017-02-18,,
2017-02-19,,
2017-02-20,"2,084.39",619.97
2017-02-21,"2,102.93",622.47
2017-02-22,"2,106.61",621.39
2017-02-23,"2,107.63",617.67
2017-02-24,"2,094.12",614.75
2017-02-25,,
2017-02-26,,
2017-02-27,"2,085.52",612.12
2017-02-28,"2,091.64",612.2
2017-03-01,,
2017-03-02,"2,102.65",608.93
2017-03-03,"2,078.75",600.73
2017-03-04,,
2017-03-05,,
2017-03-06,"2,081.36",604.05
2017-03-07,"2,094.05",606.05
2017-03-08,"2,095.41",605.75
2017-03-09,"2,091.06",606.13
2017-03-10,"2,097.35",612.26
2017-03-11,,
2017-03-12,,
2017-03-13,"2,117.59",615.59
2017-03-14,"2,133.78",614.12
2017-03-15,"2,133.00",608.68
2017-03-16,"2,150.08",613.88
2017-03-17,"2,164.58",613.26
2017-03-18,,
2017-03-19,,
2017-03-20,"2,157.01",609.11
2017-03-21,"2,178.38",609.73
2017-03-22,"2,168.30",607.57
2017-03-23,"2,172.72",605.53
2017-03-24,"2,168.95",608.18
2017-03-25,,
2017-03-26,,
2017-03-27,"2,155.66",607.07
2017-03-28,"2,163.31",612.28
2017-03-29,"2,166.98",613.63
2017-03-30,"2,164.64",614.68
2017-03-31,"2,160.23",619.28
2017-04-01,,
2017-04-02,,
2017-04-03,"2,167.51",628.52
2017-04-04,"2,161.10",625.49
2017-04-05,"2,160.85",630.17
2017-04-06,"2,152.75",630.46
2017-04-07,"2,151.73",633.32
2017-04-08,,
2017-04-09,,
2017-04-10,"2,133.32",619.41
2017-04-11,"2,123.85",621.64
2017-04-12,"2,128.91",621.45
2017-04-13,"2,148.61",623.87
2017-04-14,"2,134.88",618.24
2017-04-15,,
2017-04-16,,
2017-04-17,"2,145.78",629.47
2017-04-18,"2,148.46",634.73
2017-04-19,"2,138.40",635.99
2017-04-20,"2,149.15",635.8
2017-04-21,"2,165.04",634.96
2017-04-22,,
2017-04-23,,
2017-04-24,"2,173.74",626.62
2017-04-25,"2,196.85",632.57
2017-04-26,"2,207.84",635.11
2017-04-27,"2,209.46",631.11
2017-04-28,"2,205.44",628.24
2017-04-29,,
2017-04-30,,
2017-05-01,,
2017-05-02,"2,219.67",626.43
2017-05-03,,
2017-05-04,"2,241.24",635.11
2017-05-05,,
2017-05-06,,
2017-05-07,,
2017-05-08,"2,292.76",643.39
2017-05-09,,
2017-05-10,"2,270.12",642.68
2017-05-11,"2,296.37",647.58
2017-05-12,"2,286.02",643.73
2017-05-13,,
2017-05-14,,
2017-05-15,"2,290.65",645.38
2017-05-16,"2,295.33",639.11
2017-05-17,"2,293.08",640.01
2017-05-18,"2,286.82",638.12
2017-05-19,"2,288.48",642.45
2017-05-20,,
2017-05-21,,
2017-05-22,"2,304.03",642.62
2017-05-23,"2,311.74",644.73
2017-05-24,"2,317.34",646.04
2017-05-25,"2,342.93",643.02
2017-05-26,"2,355.30",646.01
2017-05-27,,
2017-05-28,,
2017-05-29,"2,352.97",642.98
2017-05-30,"2,343.68",649.06
2017-05-31,"2,347.38",652.04
2017-06-01,"2,344.61",653.83
2017-06-02,"2,371.72",658.78
2017-06-03,,
2017-06-04,,
2017-06-05,"2,368.62",662.32
2017-06-06,,
2017-06-07,"2,360.14",666.46
2017-06-08,"2,363.57",669.97
2017-06-09,"2,381.69",674.15
2017-06-10,,
2017-06-11,,
2017-06-12,"2,357.87",664.86
2017-06-13,"2,374.70",669.23
2017-06-14,"2,372.64",671.59
2017-06-15,"2,361.65",669.82
2017-06-16,"2,361.83",670.7
2017-06-17,,
2017-06-18,,
2017-06-19,"2,370.90",675.44
2017-06-20,"2,369.23",669.41
2017-06-21,"2,357.53",665.77
2017-06-22,"2,370.37",663.28
2017-06-23,"2,378.60",668.93
2017-06-24,,
2017-06-25,,
2017-06-26,"2,388.66",668.36
2017-06-27,"2,391.95",672.63
2017-06-28,"2,382.56",665.89
2017-06-29,"2,395.66",668
2017-06-30,"2,391.79",669.04
2017-07-01,,
2017-07-02,,
2017-07-03,"2,394.48",660.97
2017-07-04,"2,380.52",656.19
2017-07-05,"2,388.35",661.54
2017-07-06,"2,387.81",663.79
2017-07-07,"2,379.87",663.77
2017-07-08,,
2017-07-09,,
2017-07-10,"2,382.10",657.86
2017-07-11,"2,396.00",656.01
2017-07-12,"2,391.77",651.1
2017-07-13,"2,409.49",652.69
2017-07-14,"2,414.63",654.11
2017-07-15,,
2017-07-16,,
2017-07-17,"2,425.10",659.89
2017-07-18,"2,426.04",664.02
2017-07-19,"2,429.94",671.53
2017-07-20,"2,441.84",676.51
2017-07-21,"2,450.06",676.6
2017-07-22,,
2017-07-23,,
2017-07-24,"2,451.53",677.32
2017-07-25,"2,439.90",670.47
2017-07-26,"2,434.51",667.22
2017-07-27,"2,443.24",666.48
2017-07-28,"2,400.99",652.95
2017-07-29,,
2017-07-30,,
2017-07-31,"2,402.71",650.47
2017-08-01,"2,422.96",653.12
2017-08-02,"2,427.63",657.52
2017-08-03,"2,386.85",643.09
2017-08-04,"2,395.45",641.58
2017-08-05,,
2017-08-06,,
2017-08-07,"2,398.75",648.39
2017-08-08,"2,394.73",651.67
2017-08-09,"2,368.39",642.87
2017-08-10,"2,359.47",640.04
2017-08-11,"2,319.71",628.34
2017-08-12,,
2017-08-13,,
2017-08-14,"2,334.22",629.37
2017-08-15,,
2017-08-16,"2,348.26",634.91
2017-08-17,"2,361.67",642.11
2017-08-18,"2,358.37",643.58
2017-08-19,,
2017-08-20,,
2017-08-21,"2,355.00",640.85
2017-08-22,"2,365.33",644.26
2017-08-23,"2,366.40",643.71
2017-08-24,"2,375.84",647.71
2017-08-25,"2,378.51",650.27
2017-08-26,,
2017-08-27,,
2017-08-28,"2,370.30",652.92
2017-08-29,"2,364.74",653.96
2017-08-30,"2,372.29",655
2017-08-31,"2,363.19",657.83
2017-09-01,"2,357.69",661.99
2017-09-02,,
2017-09-03,,
2017-09-04,"2,329.65",650.89
2017-09-05,"2,326.62",648.75
2017-09-06,"2,319.82",652.59
2017-09-07,"2,346.19",658.48
2017-09-08,"2,343.72",654.29
2017-09-09,,
2017-09-10,,
2017-09-11,"2,359.08",656.53
2017-09-12,"2,365.47",660.05
2017-09-13,"2,360.18",659.09
2017-09-14,"2,377.66",665.41
2017-09-15,"2,386.07",671.3
2017-09-16,,
2017-09-17,,
2017-09-18,"2,418.21",675.87
2017-09-19,"2,416.05",674.48
2017-09-20,"2,412.20",668.05
2017-09-21,"2,406.50",661.11
2017-09-22,"2,388.71",648.95
2017-09-23,,
2017-09-24,,
2017-09-25,"2,380.40",642.04
2017-09-26,"2,374.32",642.4
2017-09-27,"2,372.57",649.24
2017-09-28,"2,373.14",648.09
2017-09-29,"2,394.47",652.82
2017-09-30,,
2017-10-01,,
2017-10-02,,
2017-10-03,,
2017-10-04,,
2017-10-05,,
2017-10-06,,
2017-10-07,,
2017-10-08,,
2017-10-09,,
2017-10-10,"2,433.81",654.59
2017-10-11,"2,458.16",662.31
2017-10-12,"2,474.76",666.54
2017-10-13,"2,473.62",663.08
2017-10-14,,
2017-10-15,,
2017-10-16,"2,480.05",659.41
2017-10-17,"2,484.37",670.51
2017-10-18,"2,482.91",668.42
2017-10-19,"2,473.06",667.1
2017-10-20,"2,489.54",672.95
2017-10-21,,
2017-10-22,,
2017-10-23,"2,490.05",675.86
2017-10-24,"2,490.49",687.21
2017-10-25,"2,492.50",689.14
2017-10-26,"2,480.63",680.61
2017-10-27,"2,496.63",689.97
2017-10-28,,
2017-10-29,,
2017-10-30,"2,501.93",689.68
2017-10-31,"2,523.43",694.2
2017-11-01,"2,556.47",695.77
2017-11-02,"2,546.36",694.96
2017-11-03,"2,557.97",701.13
2017-11-04,,
2017-11-05,,
2017-11-06,"2,549.41",703.79
2017-11-07,"2,545.44",701.14
2017-11-08,"2,552.40",709.11
2017-11-09,"2,550.57",709.94
2017-11-10,"2,542.95",720.79
2017-11-11,,
2017-11-12,,
2017-11-13,"2,530.35",741.38
2017-11-14,"2,526.64",756.46
2017-11-15,"2,518.25",768.03
2017-11-16,"2,534.79",780.22
2017-11-17,"2,533.99",775.85
2017-11-18,,
2017-11-19,,
2017-11-20,"2,527.67",785.32
2017-11-21,"2,530.70",789.38
2017-11-22,"2,540.51",780.9
2017-11-23,"2,537.15",796.8
2017-11-24,"2,544.33",792.74
2017-11-25,,
2017-11-26,,
2017-11-27,"2,507.81",792.8
2017-11-28,"2,514.19",773.12
2017-11-29,"2,512.90",781.72
2017-11-30,"2,476.37",771.42
2017-12-01,"2,475.41",787.7
2017-12-02,,
2017-12-03,,
2017-12-04,"2,501.67",782.45
2017-12-05,"2,510.12",774.12
2017-12-06,"2,474.37",768.39
2017-12-07,"2,461.98",753.46
2017-12-08,"2,464.00",744.06
2017-12-09,,
2017-12-10,,
2017-12-11,"2,471.49",764.09
2017-12-12,"2,461.00",760.4
2017-12-13,"2,480.55",772.22
2017-12-14,"2,469.48",770.35
2017-12-15,"2,482.07",771.82
2017-12-16,,
2017-12-17,,
2017-12-18,"2,481.88",770.5
2017-12-19,"2,478.53",766.18
2017-12-20,"2,472.37",755.27
2017-12-21,"2,429.83",740.32
2017-12-22,"2,440.54",761.2
2017-12-23,,
2017-12-24,,
2017-12-25,,
2017-12-26,"2,427.34",762.21
2017-12-27,"2,436.67",791.95
2017-12-28,"2,467.49",798.42
2017-12-29,,
2017-12-30,,
2017-12-31,,
2018-01-01,,
2018-01-02,"2,479.65",812.45
2018-01-03,"2,486.35",822.31
2018-01-04,"2,466.46",808.01
2018-01-05,"2,497.52",828.03
2018-01-06,,
2018-01-07,,
2018-01-08,"2,513.28",839.51
2018-01-09,"2,510.23",829.99
2018-01-10,"2,499.75",834.91
2018-01-11,"2,487.91",852.51
2018-01-12,"2,496.42",873.05
2018-01-13,,
2018-01-14,,
2018-01-15,"2,503.73",891.61
2018-01-16,"2,521.74",901.23
2018-01-17,"2,515.43",886.58
2018-01-18,"2,515.81",898.19
2018-01-19,"2,520.26",879.99
2018-01-20,,
2018-01-21,,
2018-01-22,"2,502.11",873.09
2018-01-23,"2,536.60",894.43
2018-01-24,"2,538.00",894.77
2018-01-25,"2,562.23",898.6
2018-01-26,"2,574.76",913.12
2018-01-27,,
2018-01-28,,
2018-01-29,"2,598.19",927.05
2018-01-30,"2,567.74",920.96
2018-01-31,"2,566.46",913.57
2018-02-01,"2,568.54",908.2
2018-02-02,"2,525.39",899.47
2018-02-03,,
2018-02-04,,
2018-02-05,"2,491.75",858.22
2018-02-06,"2,453.31",858.17
2018-02-07,"2,396.56",829.96
2018-02-08,"2,407.62",861.94
2018-02-09,"2,363.77",842.6
2018-02-10,,
2018-02-11,,
2018-02-12,"2,385.38",843.24
2018-02-13,"2,395.19",829.39
2018-02-14,"2,421.83",848.03
2018-02-15,,
2018-02-16,,
2018-02-17,,
2018-02-18,,
2018-02-19,"2,442.82",875.81
2018-02-20,"2,415.12",864.41
2018-02-21,"2,429.65",875.58
2018-02-22,"2,414.28",870.22
2018-02-23,"2,451.52",874.78
2018-02-24,,
2018-02-25,,
2018-02-26,"2,457.65",874.43
2018-02-27,"2,456.14",874.01
2018-02-28,"2,427.36",857.06
2018-03-01,,
2018-03-02,"2,402.16",860.23
2018-03-03,,
2018-03-04,,
2018-03-05,"2,375.06",845
2018-03-06,"2,411.41",859.21
2018-03-07,"2,401.82",841.03
2018-03-08,"2,433.08",853.94
2018-03-09,"2,459.45",865.8
2018-03-10,,
2018-03-11,,
2018-03-12,"2,484.12",884.27
2018-03-13,"2,494.49",886.25
2018-03-14,"2,486.08",886.92
2018-03-15,"2,492.38",890.43
2018-03-16,"2,493.97",894.43
2018-03-17,,
2018-03-18,,
2018-03-19,"2,475.03",880.97
2018-03-20,"2,485.52",890.4
2018-03-21,"2,484.97",885.55
2018-03-22,"2,496.02",871.62
2018-03-23,"2,416.76",829.68
2018-03-24,,
2018-03-25,,
2018-03-26,"2,437.08",853.69
2018-03-27,"2,452.06",858.84
2018-03-28,"2,419.29",850.97
2018-03-29,"2,436.37",865.99
2018-03-30,"2,445.85",871.09
2018-03-31,,
2018-04-01,,
2018-04-02,"2,444.16",867.8
2018-04-03,"2,442.43",872.32
2018-04-04,"2,408.06",862.51
2018-04-05,"2,437.52",868.93
2018-04-06,"2,429.58",867.96
2018-04-07,,
2018-04-08,,
2018-04-09,"2,444.08",874.44
2018-04-10,"2,450.74",877.3
2018-04-11,"2,444.22",885.38
2018-04-12,"2,442.71",881.45
2018-04-13,"2,455.07",891.87
2018-04-14,,
2018-04-15,,
2018-04-16,"2,457.49",896.89
2018-04-17,"2,453.77",901.22
2018-04-18,"2,479.98",893.32
2018-04-19,"2,486.10",882.73
2018-04-20,"2,476.33",889.17
2018-04-21,,
2018-04-22,,
2018-04-23,"2,474.11",879.02
2018-04-24,"2,464.14",873.61
2018-04-25,"2,448.81",869.93
2018-04-26,"2,475.64",879.39
2018-04-27,"2,492.40",886.49
2018-04-28,,
2018-04-29,,
2018-04-30,"2,515.38",875.95
2018-05-01,,
2018-05-02,"2,505.61",871.03
2018-05-03,"2,487.25",866.07
2018-05-04,"2,461.38",856.34
2018-05-05,,
2018-05-06,,
2018-05-07,,
2018-05-08,"2,449.81",827.22
2018-05-09,"2,443.98",850.85
2018-05-10,"2,464.16",854.93
2018-05-11,"2,477.71",865.93
2018-05-12,,
2018-05-13,,
2018-05-14,"2,476.11",858.7
2018-05-15,"2,458.54",862.94
2018-05-16,"2,459.82",850.29
2018-05-17,"2,448.45",855.62
2018-05-18,"2,460.65",869.45
2018-05-19,,
2018-05-20,,
2018-05-21,"2,465.57",872.96
2018-05-22,,
2018-05-23,"2,471.91",869.16
2018-05-24,"2,466.01",873.32
2018-05-25,"2,460.80",868.35
2018-05-26,,
2018-05-27,,
2018-05-28,"2,478.96",879.69
2018-05-29,"2,457.25",870.08
2018-05-30,"2,409.03",874.22
2018-05-31,"2,423.01",879.66
2018-06-01,"2,438.96",883.22
2018-06-02,,
2018-06-03,,
2018-06-04,"2,447.76",877.44
2018-06-05,"2,453.76",877.16
2018-06-06,,
2018-06-07,"2,470.58",887.91
2018-06-08,"2,451.58",878.48
2018-06-09,,
2018-06-10,,
2018-06-11,"2,470.15",876.55
2018-06-12,"2,468.83",875.04
2018-06-13,,
2018-06-14,"2,423.48",864.56
2018-06-15,"2,404.04",866.22
2018-06-16,,
2018-06-17,,
2018-06-18,"2,376.24",840.23
2018-06-19,"2,340.11",815.39
2018-06-20,"2,363.91",840.17
2018-06-21,"2,337.83",826.22
2018-06-22,"2,357.22",830.27
2018-06-23,,
2018-06-24,,
2018-06-25,"2,357.88",836
2018-06-26,"2,350.92",831.4
2018-06-27,"2,342.03",826.69
2018-06-28,"2,314.24",810.2
2018-06-29,"2,326.13",818.22
2018-06-30,,
2018-07-01,,
2018-07-02,"2,271.54",789.82
2018-07-03,"2,272.76",795.71
2018-07-04,"2,265.46",799.1
2018-07-05,"2,257.55",794.05
2018-07-06,"2,272.87",808.89
2018-07-07,,
2018-07-08,,
2018-07-09,"2,285.80",808.28
2018-07-10,"2,294.16",813.19
2018-07-11,"2,280.62",804.78
2018-07-12,"2,285.06",819.29
2018-07-13,"2,310.90",827.89
2018-07-14,,
2018-07-15,,
2018-07-16,"2,301.99",825.71
2018-07-17,"2,297.92",819.72
2018-07-18,"2,290.11",810.44
2018-07-19,"2,282.29",796.49
2018-07-20,"2,289.19",791.61
2018-07-21,,
2018-07-22,,
2018-07-23,"2,269.31",756.96
2018-07-24,"2,280.20",761.57
2018-07-25,"2,273.03",748.89
2018-07-26,"2,289.06",765.15
2018-07-27,"2,294.99",773.98
2018-07-28,,
2018-07-29,,
2018-07-30,"2,293.51",769.8
2018-07-31,"2,295.26",775.52
2018-08-01,"2,307.07",790.25
2018-08-02,"2,270.20",781.38
2018-08-03,"2,287.68",788.81
2018-08-04,,
2018-08-05,,
2018-08-06,"2,286.50",781.41
2018-08-07,"2,300.16",784.7
2018-08-08,"2,301.45",783.81
2018-08-09,"2,303.71",789.48
2018-08-10,"2,282.79",784.81
2018-08-11,,
2018-08-12,,
2018-08-13,"2,248.45",755.65
2018-08-14,"2,258.91",761.94
2018-08-15,,
2018-08-16,"2,240.80",761.18
2018-08-17,"2,247.05",772.3
2018-08-18,,
2018-08-19,,
2018-08-20,"2,247.88",769.78
2018-08-21,"2,270.06",787.15
2018-08-22,"2,273.33",785.95
2018-08-23,"2,282.60",791.28
2018-08-24,"2,293.21",798.23
2018-08-25,,
2018-08-26,,
2018-08-27,"2,299.30",801.04
2018-08-28,"2,303.12",798.17
2018-08-29,"2,309.03",803.18
2018-08-30,"2,307.35",804.47
2018-08-31,"2,322.88",816.97
2018-09-01,,
2018-09-02,,
2018-09-03,"2,307.03",816.84
2018-09-04,"2,315.72",827.27
2018-09-05,"2,291.77",820
2018-09-06,"2,287.61",815.18
2018-09-07,"2,281.58",818.86
2018-09-08,,
2018-09-09,,
2018-09-10,"2,288.66",816.16
2018-09-11,"2,283.20",820.23
2018-09-12,"2,282.92",826.33
2018-09-13,"2,286.23",830.95
2018-09-14,"2,318.25",834.91
2018-09-15,,
2018-09-16,,
2018-09-17,"2,303.01",828.88
2018-09-18,"2,308.98",831.85
2018-09-19,"2,308.46",826.91
2018-09-20,"2,323.45",821.13
2018-09-21,"2,339.17",827.84
2018-09-22,,
2018-09-23,,
2018-09-24,,
2018-09-25,,
2018-09-26,,
2018-09-27,"2,355.43",833.01
2018-09-28,"2,343.07",822.27
2018-09-29,,
2018-09-30,,
2018-10-01,"2,338.88",816.53
2018-10-02,"2,309.57",794.99
2018-10-03,,
2018-10-04,"2,274.49",789
2018-10-05,"2,267.52",773.7
2018-10-06,,
2018-10-07,,
2018-10-08,"2,253.83",767.15
2018-10-09,,
2018-10-10,"2,228.61",747.5
2018-10-11,"2,129.67",707.38
2018-10-12,"2,161.85",731.5
2018-10-13,,
2018-10-14,,
2018-10-15,"2,145.12",718.87
2018-10-16,"2,145.12",731.5
2018-10-17,"2,167.51",739.15
2018-10-18,"2,148.31",731.34
2018-10-19,"2,156.26",740.48
2018-10-20,,
2018-10-21,,
2018-10-22,"2,161.71",744.15
2018-10-23,"2,106.10",719
2018-10-24,"2,097.58",699.3
2018-10-25,"2,063.30",686.84
2018-10-26,"2,027.15",663.07
2018-10-27,,
2018-10-28,,
2018-10-29,"1,996.05",629.7
2018-10-30,"2,014.69",644.14
2018-10-31,"2,029.69",648.67
2018-11-01,"2,024.46",657.46
2018-11-02,"2,096.00",690.65
2018-11-03,,
2018-11-04,,
2018-11-05,"2,076.92",691.94
2018-11-06,"2,089.62",691.55
2018-11-07,"2,078.69",682.37
2018-11-08,"2,092.63",693.67
2018-11-09,"2,086.09",687.29
2018-11-10,,
2018-11-11,,
2018-11-12,"2,080.44",670.82
2018-11-13,"2,071.23",670.85
2018-11-14,"2,068.05",671.56
2018-11-15,"2,088.06",681.38
2018-11-16,"2,092.40",690.18
2018-11-17,,
2018-11-18,,
2018-11-19,"2,100.56",702.13
2018-11-20,"2,082.58",690.81
2018-11-21,"2,076.55",695.72
2018-11-22,"2,069.95",692.39
2018-11-23,"2,057.48",683.06
2018-11-24,,
2018-11-25,,
2018-11-26,"2,083.02",695.36
2018-11-27,"2,099.42",700.67
2018-11-28,"2,108.22",700.12
2018-11-29,"2,114.10",695.48
2018-11-30,"2,096.86",695.76
2018-12-01,,
2018-12-02,,
2018-12-03,"2,131.93",709.46
2018-12-04,"2,114.35",708.63
2018-12-05,"2,101.31",701.12
2018-12-06,"2,068.69",678.38
2018-12-07,"2,075.76",685.33
2018-12-08,,
2018-12-09,,
2018-12-10,"2,053.79",670.39
2018-12-11,"2,052.97",661.01
2018-12-12,"2,082.57",676.48
2018-12-13,"2,095.55",681.78
2018-12-14,"2,069.38",666.34
2018-12-15,,
2018-12-16,,
2018-12-17,"2,071.09",661.9
2018-12-18,"2,062.11",659.67
2018-12-19,"2,078.84",672.08
2018-12-20,"2,060.12",668.13
2018-12-21,"2,061.49",673.64
2018-12-22,,
2018-12-23,,
2018-12-24,"2,055.01",669.79
2018-12-25,,
2018-12-26,"2,028.01",665.74
2018-12-27,"2,028.44",667.88
2018-12-28,"2,041.04",675.65
2018-12-29,,
2018-12-30,,
2018-12-31,,
2019-01-01,,
2019-01-02,"2,010.00",669.37
2019-01-03,"1,993.70",657.02
2019-01-04,"2,010.25",664.49
2019-01-05,,
2019-01-06,,
2019-01-07,"2,037.10",672.84
2019-01-08,"2,025.27",668.49
2019-01-09,"2,064.71",679.74
2019-01-10,"2,063.28",683.34
2019-01-11,"2,075.57",686.33
2019-01-12,,
2019-01-13,,
2019-01-14,"2,064.52",683.09
2019-01-15,"2,097.18",690.39
2019-01-16,"2,106.10",693.38
2019-01-17,"2,107.06",686.35
2019-01-18,"2,124.28",696.34
2019-01-19,,
2019-01-20,,
2019-01-21,"2,124.61",695.62
2019-01-22,"2,117.77",694.55
2019-01-23,"2,127.78",695.63
2019-01-24,"2,145.03",704.41
2019-01-25,"2,177.73",711.38
2019-01-26,,
2019-01-27,,
2019-01-28,"2,177.30",714.26
2019-01-29,"2,183.36",710.99
2019-01-30,"2,206.20",715.3
2019-01-31,"2,204.85",716.86
2019-02-01,"2,203.46",716.92
2019-02-02,,
2019-02-03,,
2019-02-04,,
2019-02-05,,
2019-02-06,,
2019-02-07,"2,203.42",728.79
2019-02-08,"2,177.05",728.74
2019-02-09,,
2019-02-10,,
2019-02-11,"2,180.73",733.47
2019-02-12,"2,190.47",730.58
2019-02-13,"2,201.48",739.91
2019-02-14,"2,225.85",742.27
2019-02-15,"2,196.09",738.66
2019-02-16,,
2019-02-17,,
2019-02-18,"2,210.89",745.33
2019-02-19,"2,205.63",748.05
2019-02-20,"2,229.76",750.69
2019-02-21,"2,228.66",747.33
2019-02-22,"2,230.50",743.38
2019-02-23,,
2019-02-24,,
2019-02-25,"2,232.56",750.4
2019-02-26,"2,226.60",747.09
2019-02-27,"2,234.79",752.16
2019-02-28,"2,195.44",731.25
2019-03-01,,
2019-03-02,,
2019-03-03,,
2019-03-04,"2,190.66",748.07
2019-03-05,"2,179.23",747.95
2019-03-06,"2,175.60",746.7
2019-03-07,"2,165.79",736.83
2019-03-08,"2,137.44",735.97
2019-03-09,,
2019-03-10,,
2019-03-11,"2,138.10",739.09
2019-03-12,"2,157.18",754.76
2019-03-13,"2,148.41",754.89
2019-03-14,"2,155.68",755.42
2019-03-15,"2,176.11",748.36
2019-03-16,,
2019-03-17,,
2019-03-18,"2,179.49",753.13
2019-03-19,"2,177.62",748.91
2019-03-20,"2,177.10",749.76
2019-03-21,"2,184.88",743.52
2019-03-22,"2,186.95",743.97
2019-03-23,,
2019-03-24,,
2019-03-25,"2,144.86",727.21
2019-03-26,"2,148.80",736.81
2019-03-27,"2,145.62",728.45
2019-03-28,"2,128.10",719.72
2019-03-29,"2,140.67",729.31
2019-03-30,,
2019-03-31,,
2019-04-01,"2,168.28",736.81
2019-04-02,"2,177.18",739.57
2019-04-03,"2,203.27",749.3
2019-04-04,"2,206.53",751.58
2019-04-05,"2,209.61",751.71
2019-04-06,,
2019-04-07,,
2019-04-08,"2,210.60",751.92
2019-04-09,"2,213.56",756.81
2019-04-10,"2,224.39",760.15
2019-04-11,"2,224.44",766.49
2019-04-12,"2,233.45",767.85
2019-04-13,,
2019-04-14,,
2019-04-15,"2,242.88",766.75
2019-04-16,"2,248.63",765.02
2019-04-17,"2,245.89",766.89
2019-04-18,"2,213.77",753.52
2019-04-19,"2,216.15",762.57
2019-04-20,,
2019-04-21,,
2019-04-22,"2,216.65",762.01
2019-04-23,"2,220.51",761.42
2019-04-24,"2,201.03",757.82
2019-04-25,"2,190.50",750.43
2019-04-26,"2,179.31",741
2019-04-27,,
2019-04-28,,
2019-04-29,"2,216.43",750.6
2019-04-30,"2,203.59",754.74
2019-05-01,,
2019-05-02,"2,212.75",760.38
2019-05-03,"2,196.32",761.82
2019-05-04,,
2019-05-05,,
2019-05-06,,
2019-05-07,"2,176.99",753.45
2019-05-08,"2,168.01",745.37
2019-05-09,"2,102.01",724.22
2019-05-10,"2,108.04",722.62
2019-05-11,,
2019-05-12,,
2019-05-13,"2,079.01",708.8
2019-05-14,"2,081.84",710.16
2019-05-15,"2,092.78",729.6
2019-05-16,"2,067.69",717.59
2019-05-17,"2,055.80",714.13
2019-05-18,,
2019-05-19,,
2019-05-20,"2,055.71",702.08
2019-05-21,"2,061.25",703.98
2019-05-22,"2,064.86",706.93
2019-05-23,"2,059.59",696.89
2019-05-24,"2,045.31",690.03
2019-05-25,,
2019-05-26,,
2019-05-27,"2,044.21",689.67
2019-05-28,"2,048.83",702.76
2019-05-29,"2,023.32",691.47
2019-05-30,"2,038.80",689.33
2019-05-31,"2,041.74",696.47
2019-06-01,,
2019-06-02,,
2019-06-03,"2,067.85",697.5
2019-06-04,"2,066.97",702.53
2019-06-05,"2,069.11",707.75
2019-06-06,,
2019-06-07,"2,072.33",716.53
2019-06-08,,
2019-06-09,,
2019-06-10,"2,099.49",721.14
2019-06-11,"2,111.81",728.79
2019-06-12,"2,108.75",724.32
2019-06-13,"2,103.15",726.68
2019-06-14,"2,095.41",722.25
2019-06-15,,
2019-06-16,,
2019-06-17,"2,090.73",719.13
2019-06-18,"2,098.71",714.86
2019-06-19,"2,124.78",717.71
2019-06-20,"2,131.29",727.32
2019-06-21,"2,125.62",722.64
2019-06-22,,
2019-06-23,,
2019-06-24,"2,126.33",717.69
2019-06-25,"2,121.64",710.02
2019-06-26,"2,121.85",709.37
2019-06-27,"2,134.32",698.21
2019-06-28,"2,130.62",690.53
2019-06-29,,
2019-06-30,,
2019-07-01,"2,129.74",696
2019-07-02,"2,122.02",696.25
2019-07-03,"2,096.02",693.04
2019-07-04,"2,108.73",691.27
2019-07-05,"2,110.59",694.17
2019-07-06,,
2019-07-07,,
2019-07-08,"2,064.17",668.72
2019-07-09,"2,052.03",657.8
2019-07-10,"2,058.78",666.9
2019-07-11,"2,080.58",677.09
2019-07-12,"2,086.66",681.17
2019-07-13,,
2019-07-14,,
2019-07-15,"2,082.48",674.79
2019-07-16,"2,091.87",674.42
2019-07-17,"2,072.92",666.28
2019-07-18,"2,066.55",665.15
2019-07-19,"2,094.36",674.06
2019-07-20,,
2019-07-21,,
2019-07-22,"2,093.34",674.78
2019-07-23,"2,101.45",668.65
2019-07-24,"2,082.30",659.83
2019-07-25,"2,074.48",652.4
2019-07-26,"2,066.26",644.59
2019-07-27,,
2019-07-28,,
2019-07-29,"2,029.48",618.78
2019-07-30,"2,038.68",625.64
2019-07-31,"2,024.55",630.18
2019-08-01,"2,017.34",622.26
2019-08-02,"1,998.13",615.7
2019-08-03,,
2019-08-04,,
2019-08-05,"1,946.98",569.79
2019-08-06,"1,917.50",551.5
2019-08-07,"1,909.71",564.64
2019-08-08,"1,920.61",585.44
2019-08-09,"1,937.75",590.04
2019-08-10,,
2019-08-11,,
2019-08-12,"1,942.29",594.17
2019-08-13,"1,925.83",590.75
2019-08-14,"1,938.37",597.15
2019-08-15,,
2019-08-16,"1,927.17",591.57
2019-08-17,,
2019-08-18,,
2019-08-19,"1,939.90",594.65
2019-08-20,"1,960.25",607.01
2019-08-21,"1,964.65",615.96
2019-08-22,"1,951.01",612.25
2019-08-23,"1,948.30",608.98
2019-08-24,,
2019-08-25,,
2019-08-26,"1,916.31",582.91
2019-08-27,"1,924.60",588.32
2019-08-28,"1,941.09",602.9
2019-08-29,"1,933.41",599.57
2019-08-30,"1,967.79",610.55
2019-08-31,,
2019-09-01,,
2019-09-02,"1,969.19",619.81
2019-09-03,"1,965.69",620.02
2019-09-04,"1,988.53",629.31
2019-09-05,"2,004.75",632.99
2019-09-06,"2,009.13",631.15
2019-09-07,,
2019-09-08,,
2019-09-09,"2,019.55",625.77
2019-09-10,"2,032.08",623.25
2019-09-11,"2,049.20",630.37
2019-09-12,,
2019-09-13,,
2019-09-14,,
2019-09-15,,
2019-09-16,"2,062.22",638.59
2019-09-17,"2,062.33",644.28
2019-09-18,"2,070.73",645.12
2019-09-19,"2,080.35",645.71
2019-09-20,"2,091.52",649.07
2019-09-21,,
2019-09-22,,
2019-09-23,"2,091.70",645.01
2019-09-24,"2,101.04",641.85
2019-09-25,"2,073.39",626.76
2019-09-26,"2,074.52",628.42
2019-09-27,"2,049.93",626.93
2019-09-28,,
2019-09-29,,
2019-09-30,"2,063.05",621.76
2019-10-01,"2,072.42",632.1
2019-10-02,"2,031.91",624.51
2019-10-03,,
2019-10-04,"2,020.69",621.84
2019-10-05,,
2019-10-06,,
2019-10-07,"2,021.73",627.21
2019-10-08,"2,046.25",635.41
2019-10-09,,
2019-10-10,"2,028.15",634.73
2019-10-11,"2,044.61",632.95
2019-10-12,,
2019-10-13,,
2019-10-14,"2,067.40",641.46
2019-10-15,"2,068.17",646.8
2019-10-16,"2,082.83",651.96
2019-10-17,"2,077.94",649.29
2019-10-18,"2,060.69",646.69
2019-10-19,,
2019-10-20,,
2019-10-21,"2,064.84",649.18
2019-10-22,"2,088.86",655.91
2019-10-23,"2,080.62",658.98
2019-10-24,"2,085.66",658.75
2019-10-25,"2,087.89",652.37
2019-10-26,,
2019-10-27,,
2019-10-28,"2,093.60",652.42
2019-10-29,"2,092.69",658.3
2019-10-30,"2,080.27",655.04
2019-10-31,"2,083.48",658.52
2019-11-01,"2,100.20",662.34
2019-11-02,,
2019-11-03,,
2019-11-04,"2,130.24",668.45
2019-11-05,"2,142.64",672.18
2019-11-06,"2,144.15",669.68
2019-11-07,"2,144.29",666.15
2019-11-08,"2,137.23",664.6
2019-11-09,,
2019-11-10,,
2019-11-11,"2,124.09",661.37
2019-11-12,"2,140.92",665.14
2019-11-13,"2,122.45",661.85
2019-11-14,"2,139.23",663.31
2019-11-15,"2,162.18",668.51
2019-11-16,,
2019-11-17,,
2019-11-18,"2,160.69",669.34
2019-11-19,"2,153.24",662.53
2019-11-20,"2,125.32",649.87
2019-11-21,"2,096.60",635.99
2019-11-22,"2,101.96",633.92
2019-11-23,,
2019-11-24,,
2019-11-25,"2,123.50",647.4
2019-11-26,"2,121.35",651.59
2019-11-27,"2,127.85",647.39
2019-11-28,"2,118.60",640.18
2019-11-29,"2,087.96",632.99
2019-11-30,,
2019-12-01,,
2019-12-02,"2,091.92",634.5
2019-12-03,"2,084.07",629.58
2019-12-04,"2,068.89",625.27
2019-12-05,"2,060.74",617.6
2019-12-06,"2,081.85",628.1
2019-12-07,,
2019-12-08,,
2019-12-09,"2,088.65",627.86
2019-12-10,"2,098.00",627.11
2019-12-11,"2,105.62",629.13
2019-12-12,"2,137.35",636.94
2019-12-13,"2,170.25",643.45
2019-12-14,,
2019-12-15,,
2019-12-16,"2,168.15",644.44
2019-12-17,"2,195.68",650.58
2019-12-18,"2,194.76",648.95
2019-12-19,"2,196.56",647.85
2019-12-20,"2,204.18",649.73
2019-12-21,,
2019-12-22,,
2019-12-23,"2,203.71",647.62
2019-12-24,"2,190.08",638.91
2019-12-25,,
2019-12-26,"2,197.93",652.07
2019-12-27,"2,204.21",661.24
2019-12-28,,
2019-12-29,,
2019-12-30,"2,197.67",669.83
2019-12-31,,
2020-01-01,,
2020-01-02,"2,175.17",674.02
2020-01-03,"2,176.46",669.93
2020-01-04,,
2020-01-05,,
2020-01-06,"2,155.07",655.31
2020-01-07,"2,175.54",663.44
2020-01-08,"2,151.31",640.94
2020-01-09,"2,186.45",666.09
2020-01-10,"2,206.39",673.03
2020-01-11,,
2020-01-12,,
2020-01-13,"2,229.26",679.22
2020-01-14,"2,238.88",678.71
2020-01-15,"2,230.98",679.16
2020-01-16,"2,248.05",686.52
2020-01-17,"2,250.57",688.41
2020-01-18,,
2020-01-19,,
2020-01-20,"2,262.64",683.47
2020-01-21,"2,239.69",676.52
2020-01-22,"2,267.25",688.25
2020-01-23,"2,246.13",685.57
2020-01-24,,
2020-01-25,,
2020-01-26,,
2020-01-27,,
2020-01-28,"2,176.72",664.7
2020-01-29,"2,185.28",670.18
2020-01-30,"2,148.00",656.39
2020-01-31,"2,119.01",642.48
2020-02-01,,
2020-02-02,,
2020-02-03,"2,118.88",646.85
2020-02-04,"2,157.90",661.24
2020-02-05,"2,165.63",661.32
2020-02-06,"2,227.94",672.69
2020-02-07,"2,211.95",672.63
2020-02-08,,
2020-02-09,,
2020-02-10,"2,201.07",676.07
2020-02-11,"2,223.12",682.34
2020-02-12,"2,238.38",686.59
2020-02-13,"2,232.96",687.61
2020-02-14,"2,243.59",688.91
2020-02-15,,
2020-02-16,,
2020-02-17,"2,242.17",692.59
2020-02-18,"2,208.88",682.92
2020-02-19,"2,210.34",684.78
2020-02-20,"2,195.50",681.66
2020-02-21,"2,162.84",667.99
2020-02-22,,
2020-02-23,,
2020-02-24,"2,079.04",639.29
2020-02-25,"2,103.61",656.95
2020-02-26,"2,076.77",654.63
2020-02-27,"2,054.89",638.17
2020-02-28,"1,987.01",610.73
2020-02-29,,
2020-03-01,,
2020-03-02,"2,002.51",627.66
2020-03-03,"2,014.15",626.82
2020-03-04,"2,059.33",641.73
2020-03-05,"2,085.26",650.19
2020-03-06,"2,040.22",642.72
2020-03-07,,
2020-03-08,,
2020-03-09,"1,954.77",614.6
2020-03-10,"1,962.93",619.97
2020-03-11,"1,908.27",595.61
2020-03-12,"1,834.33",563.49
2020-03-13,"1,771.44",524
2020-03-14,,
2020-03-15,,
2020-03-16,"1,714.86",504.51
2020-03-17,"1,672.44",514.73
2020-03-18,"1,591.20",485.14
2020-03-19,"1,457.64",428.35
2020-03-20,"1,566.15",467.75
2020-03-21,,
2020-03-22,,
2020-03-23,"1,482.46",443.76
2020-03-24,"1,609.97",480.4
2020-03-25,"1,704.76",505.68
2020-03-26,"1,686.24",516.61
2020-03-27,"1,717.73",522.83
2020-03-28,,
2020-03-29,,
2020-03-30,"1,717.12",542.11
2020-03-31,"1,754.64",569.07
2020-04-01,"1,685.46",551.84
2020-04-02,"1,724.86",567.7
2020-04-03,"1,725.44",573.01
2020-04-04,,
2020-04-05,,
2020-04-06,"1,791.88",597.21
2020-04-07,"1,823.60",606.9
2020-04-08,"1,807.14",607.37
2020-04-09,"1,836.21",615.95
2020-04-10,"1,860.70",611.26
2020-04-11,,
2020-04-12,,
2020-04-13,"1,825.76",596.71
2020-04-14,"1,857.08",610.29
2020-04-15,,
2020-04-16,"1,857.07",623.43
2020-04-17,"1,914.53",634.79
2020-04-18,,
2020-04-19,,
2020-04-20,"1,898.36",637.82
2020-04-21,"1,879.38",628.77
2020-04-22,"1,896.15",635.16
2020-04-23,"1,914.73",643.79
2020-04-24,"1,889.01",632.96
2020-04-25,,
2020-04-26,,
2020-04-27,"1,922.77",646.86
2020-04-28,"1,934.09",644.93
2020-04-29,"1,947.56",645.18
2020-04-30,,
2020-05-01,,
2020-05-02,,
2020-05-03,,
2020-05-04,"1,895.37",641.91
2020-05-05,,
2020-05-06,"1,928.76",658.4
2020-05-07,"1,928.61",668.17
2020-05-08,"1,945.82",682.3
2020-05-09,,
2020-05-10,,
2020-05-11,"1,935.40",685.04
2020-05-12,"1,922.17",684.21
2020-05-13,"1,940.42",691.53
2020-05-14,"1,924.96",690.57
2020-05-15,"1,927.28",691.93
2020-05-16,,
2020-05-17,,
2020-05-18,"1,937.11",690.85
2020-05-19,"1,980.61",696.36
2020-05-20,"1,989.64",708.76
2020-05-21,"1,998.31",716.02
2020-05-22,"1,970.13",708.58
2020-05-23,,
2020-05-24,,
2020-05-25,"1,994.60",719.89
2020-05-26,"2,029.78",729.11
2020-05-27,"2,031.20",724.59
2020-05-28,"2,028.54",708.75
2020-05-29,"2,029.60",713.68
2020-05-30,,
2020-05-31,,
2020-06-01,"2,065.08",735.72
2020-06-02,"2,087.19",743.58
2020-06-03,"2,147.00",737.66
2020-06-04,"2,151.18",742.37
2020-06-05,"2,181.87",749.31
2020-06-06,,
2020-06-07,,
2020-06-08,"2,184.29",753.04
2020-06-09,"2,188.92",753.82
2020-06-10,"2,195.69",758.62
2020-06-11,"2,176.78",757.06
2020-06-12,"2,132.30",746.06
2020-06-13,,
2020-06-14,,
2020-06-15,"2,030.82",693.15
2020-06-16,"2,138.05",735.38
2020-06-17,"2,141.05",735.4
2020-06-18,"2,133.48",737.33
2020-06-19,"2,141.32",742.03
2020-06-20,,
2020-06-21,,
2020-06-22,"2,126.73",751.64
2020-06-23,"2,131.24",753.23
2020-06-24,"2,161.51",759.5
2020-06-25,"2,112.37",750.36
2020-06-26,"2,134.65",750.58
2020-06-27,,
2020-06-28,,
2020-06-29,"2,093.48",734.69
2020-06-30,"2,108.33",737.97
2020-07-01,"2,106.70",727.58
2020-07-02,"2,135.37",742.55
2020-07-03,"2,152.41",752.18
2020-07-04,,
2020-07-05,,
2020-07-06,"2,187.93",759.9
2020-07-07,"2,164.17",759.16
2020-07-08,"2,158.88",765.96
2020-07-09,"2,167.90",772.9
2020-07-10,"2,150.25",772.81
2020-07-11,,
2020-07-12,,
2020-07-13,"2,186.06",781.19
2020-07-14,"2,183.61",778.39
2020-07-15,"2,201.88",781.29
2020-07-16,"2,183.76",775.07
2020-07-17,"2,201.19",783.22
2020-07-18,,
2020-07-19,,
2020-07-20,"2,198.20",781.96
2020-07-21,"2,228.83",790.58
2020-07-22,"2,228.66",794.99
2020-07-23,"2,216.19",801.69
2020-07-24,"2,200.44",794.8
2020-07-25,,
2020-07-26,,
2020-07-27,"2,217.86",801.23
2020-07-28,"2,256.99",807.85
2020-07-29,"2,263.16",808.59
2020-07-30,"2,267.01",814.19
2020-07-31,"2,249.37",815.3
2020-08-01,,
2020-08-02,,
2020-08-03,"2,251.04",827.57
2020-08-04,"2,279.97",835.35
2020-08-05,"2,311.86",847.28
2020-08-06,"2,342.61",854.12
2020-08-07,"2,351.67",857.63
2020-08-08,,
2020-08-09,,
2020-08-10,"2,386.38",862.76
2020-08-11,"2,418.67",860.23
2020-08-12,"2,432.35",845.6
2020-08-13,"2,437.53",854.77
2020-08-14,"2,407.49",835.03
2020-08-15,,
2020-08-16,,
2020-08-17,,
2020-08-18,"2,348.24",800.22
2020-08-19,"2,360.54",818.74
2020-08-20,"2,274.22",791.14
2020-08-21,"2,304.59",796.01
2020-08-22,,
2020-08-23,,
2020-08-24,"2,329.83",815.74
2020-08-25,"2,366.73",836.31
2020-08-26,"2,369.32",841.35
2020-08-27,"2,344.45",836.4
2020-08-28,"2,353.80",841.3
2020-08-29,,
2020-08-30,,
2020-08-31,"2,326.17",848.24
2020-09-01,"2,349.55",853.37
2020-09-02,"2,364.27",866.74
2020-09-03,"2,395.90",874.13
2020-09-04,"2,368.25",866.04
2020-09-05,,
2020-09-06,,
2020-09-07,"2,384.22",878.88
2020-09-08,"2,401.91",878.29
2020-09-09,"2,375.81",869.47
2020-09-10,"2,396.48",884.3
2020-09-11,"2,396.69",888.44
2020-09-12,,
2020-09-13,,
2020-09-14,"2,427.91",894.17
2020-09-15,"2,443.58",899.46
2020-09-16,"2,435.92",896.28
2020-09-17,"2,406.17",885.18
2020-09-18,"2,412.40",888.88
2020-09-19,,
2020-09-20,,
2020-09-21,"2,389.39",866.99
2020-09-22,"2,332.59",842.72
2020-09-23,"2,333.24",843.45
2020-09-24,"2,272.70",806.95
2020-09-25,"2,278.79",808.28
2020-09-26,,
2020-09-27,,
2020-09-28,"2,308.08",835.91
2020-09-29,"2,327.89",848.15
2020-09-30,,
2020-10-01,,
2020-10-02,,
2020-10-03,,
2020-10-04,,
2020-10-05,"2,358.00",858.39
2020-10-06,"2,365.90",862.58
2020-10-07,"2,386.94",869.66
2020-10-08,"2,391.96",871.62
2020-10-09,,
2020-10-10,,
2020-10-11,,
2020-10-12,"2,403.73",873.5
2020-10-13,"2,403.15",871.92
2020-10-14,"2,380.48",861.48
2020-10-15,"2,361.21",844.44
2020-10-16,"2,341.53",833.84
2020-10-17,,
2020-10-18,,
2020-10-19,"2,346.74",822.25
2020-10-20,"2,358.41",824.65
2020-10-21,"2,370.86",830.67
2020-10-22,"2,355.05",812.7
2020-10-23,"2,360.81",807.98
2020-10-24,,
2020-10-25,,
2020-10-26,"2,343.91",778.02
2020-10-27,"2,330.84",783.73
2020-10-28,"2,345.26",806.2
2020-10-29,"2,326.67",813.93
2020-10-30,"2,267.15",792.65
2020-10-31,,
2020-11-01,,
2020-11-02,"2,300.16",802.95
2020-11-03,"2,343.31",818.46
2020-11-04,"2,357.32",826.97
2020-11-05,"2,413.79",844.8
2020-11-06,"2,416.50",836.78
2020-11-07,,
2020-11-08,,
2020-11-09,"2,447.20",851.21
2020-11-10,"2,452.83",840.79
2020-11-11,"2,485.87",839.9
2020-11-12,"2,475.62",840.08
2020-11-13,"2,493.87",839.14
2020-11-14,,
2020-11-15,,
2020-11-16,"2,543.03",847.33
2020-11-17,"2,539.15",839.47
2020-11-18,"2,545.64",851.74
2020-11-19,"2,547.42",859.94
2020-11-20,"2,553.50",870.18
2020-11-21,,
2020-11-22,,
2020-11-23,"2,602.59",873.29
2020-11-24,"2,617.76",872.1
2020-11-25,"2,601.54",865.12
2020-11-26,"2,625.91",874.53
2020-11-27,"2,633.45",885.56
2020-11-28,,
2020-11-29,,
2020-11-30,"2,591.34",886.11
2020-12-01,"2,634.25",891.29
2020-12-02,"2,675.90",899.34
2020-12-03,"2,696.22",907.61
2020-12-04,"2,731.45",913.76
2020-12-05,,
2020-12-06,,
2020-12-07,"2,745.44",926.88
2020-12-08,"2,700.93",906.84
2020-12-09,"2,755.47",913.81
2020-12-10,"2,746.46",921.7
2020-12-11,"2,770.06",928.44
2020-12-12,,
2020-12-13,,
2020-12-14,"2,762.20",929.54
2020-12-15,"2,756.82",931.27
2020-12-16,"2,771.79",939.65
2020-12-17,"2,770.43",944.04
2020-12-18,"2,772.18",947.24
2020-12-19,,
2020-12-20,,
2020-12-21,"2,778.65",953.58
2020-12-22,"2,733.68",928.73
2020-12-23,"2,759.82",923.17
2020-12-24,"2,806.86",928.68
2020-12-25,,
2020-12-26,,
2020-12-27,,
2020-12-28,"2,808.60",927
2020-12-29,"2,820.51",957.41
2020-12-30,"2,873.47",968.42
2020-12-31,,
2021-01-01,,
2021-01-02,,
2021-01-03,,
2021-01-04,"2,944.45",977.62
2021-01-05,"2,990.57",985.76
2021-01-06,"2,968.21",981.39
2021-01-07,"3,031.68",988.86
2021-01-08,"3,152.18",987.79
2021-01-09,,
2021-01-10,,
2021-01-11,"3,148.45",976.63
2021-01-12,"3,125.95",973.72
2021-01-13,"3,148.29",979.13
2021-01-14,"3,149.93",980.29
2021-01-15,"3,085.90",964.44
2021-01-16,,
2021-01-17,,
2021-01-18,"3,013.93",944.67
2021-01-19,"3,092.66",957.75
2021-01-20,"3,114.55",977.66
2021-01-21,"3,160.84",981.4
2021-01-22,"3,140.63",979.98
2021-01-23,,
2021-01-24,,
2021-01-25,"3,208.99",999.3
2021-01-26,"3,140.31",994
2021-01-27,"3,122.56",985.92
2021-01-28,"3,069.05",961.23
2021-01-29,"2,976.21",928.73
2021-01-30,,
2021-01-31,,
2021-02-01,"3,056.53",956.92
2021-02-02,"3,096.81",963.81
2021-02-03,"3,129.68",970.69
2021-02-04,"3,087.55",964.58
2021-02-05,"3,120.63",967.42
2021-02-06,,
2021-02-07,,
2021-02-08,"3,091.24",960.78
2021-02-09,"3,084.67",957.85
2021-02-10,"3,100.58",964.31
2021-02-11,,
2021-02-12,,
2021-02-13,,
2021-02-14,,
2021-02-15,"3,147.00",981.97
2021-02-16,"3,163.25",977.74
2021-02-17,"3,133.73",979.77
2021-02-18,"3,086.66",967.42
2021-02-19,"3,107.62",965.11
2021-02-20,,
2021-02-21,,
2021-02-22,"3,079.75",954.29
2021-02-23,"3,070.09",936.6
2021-02-24,"2,994.98",906.31
2021-02-25,"3,099.69",936.21
2021-02-26,"3,012.95",913.94
2021-02-27,,
2021-02-28,,
2021-03-01,,
2021-03-02,"3,043.87",923.17
2021-03-03,"3,082.99",930.8
2021-03-04,"3,043.49",926.2
2021-03-05,"3,026.26",923.48
2021-03-06,,
2021-03-07,,
2021-03-08,"2,996.11",904.77
2021-03-09,"2,976.12",896.36
2021-03-10,"2,958.12",890.07
2021-03-11,"3,013.70",908.01
2021-03-12,"3,054.39",925.49
2021-03-13,,
2021-03-14,,
2021-03-15,"3,045.71",926.9
2021-03-16,"3,067.17",940.65
2021-03-17,"3,047.50",943.78
2021-03-18,"3,066.01",949.83
2021-03-19,"3,039.53",952.11
2021-03-20,,
2021-03-21,,
2021-03-22,"3,035.46",955.38
2021-03-23,"3,004.74",946.31
2021-03-24,"2,996.35",953.82
2021-03-25,"3,008.33",954.99
2021-03-26,"3,041.01",956.7
2021-03-27,,
2021-03-28,,
2021-03-29,"3,036.04",954.1
2021-03-30,"3,070.00",958.06
2021-03-31,"3,061.42",956.17
2021-04-01,"3,087.40",965.78
2021-04-02,"3,112.80",970.09
2021-04-03,,
2021-04-04,,
2021-04-05,"3,120.83",969.77
2021-04-06,"3,127.08",968.63
2021-04-07,"3,137.41",973.22
2021-04-08,"3,143.26",982.02
2021-04-09,"3,131.88",989.39
