지점,지점명,일시,최고기온(°C),일강수량(mm),평균 상대습도(%),합계 일조시간(hr)
119,수원,2016-02-01,-.4,,40.4,9
119,수원,2016-02-02,2.3,,47.8,9.8
119,수원,2016-02-03,5.4,,61.9,8.1
119,수원,2016-02-04,6.2,,60.6,8.9
119,수원,2016-02-05,4.2,0,45.8,8.5
119,수원,2016-02-06,2.8,.3,44.6,9.9
119,수원,2016-02-07,3.9,,56.5,9.8
119,수원,2016-02-08,7.3,0,63.3,3.9
119,수원,2016-02-09,7.5,,56.6,9.9
119,수원,2016-02-10,10.9,,54.6,10
119,수원,2016-02-11,14.8,.2,35.3,4.5
119,수원,2016-02-12,10.9,27.4,94.8,0
119,수원,2016-02-13,16.6,14.3,95.9,.4
119,수원,2016-02-14,4.5,0,73.5,.9
119,수원,2016-02-15,-.5,.1,54.4,10.3
119,수원,2016-02-16,3.4,.5,78.5,3.1
119,수원,2016-02-17,6.2,,62.5,10.3
119,수원,2016-02-18,8.6,,70.4,4.3
119,수원,2016-02-19,4.9,,78.6,0
119,수원,2016-02-20,8.4,,44,9.2
119,수원,2016-02-21,5.5,,40,10.2
119,수원,2016-02-22,4.9,.1,38.4,0
119,수원,2016-02-23,7.1,.3,63.3,8.2
119,수원,2016-02-24,2.4,,46.4,10.7
119,수원,2016-02-25,5.9,0,59.8,8.1
119,수원,2016-02-26,8.1,1.1,47.9,9.7
119,수원,2016-02-27,7.9,5.3,78.3,5.9
119,수원,2016-02-28,7.6,3,75.8,.2
119,수원,2016-02-29,0,0,50.1,8.5
119,수원,2016-03-01,3.5,,51.6,10.4
119,수원,2016-03-02,9.8,,73,6.3
119,수원,2016-03-03,13.7,,70.6,4.4
119,수원,2016-03-04,19.7,3.6,63.6,9
119,수원,2016-03-05,15.1,51.2,94.4,0
119,수원,2016-03-06,14.6,0,63.3,8.4
119,수원,2016-03-07,12.5,0,49.3,.5
119,수원,2016-03-08,7,,44.8,0
119,수원,2016-03-09,7.3,,37.8,9.6
119,수원,2016-03-10,5.5,,36.5,10.8
119,수원,2016-03-11,5.2,,44,11.2
119,수원,2016-03-12,8.7,,59.6,5.7
119,수원,2016-03-13,8.6,0,66.5,1.8
119,수원,2016-03-14,10.2,,69,9.4
119,수원,2016-03-15,12.9,,56.1,8.8
119,수원,2016-03-16,14.8,,54.3,9.9
119,수원,2016-03-17,16.4,,49.3,6.4
119,수원,2016-03-18,20.6,,55.6,5.7
119,수원,2016-03-19,17.1,,67.5,10.6
119,수원,2016-03-20,16.9,,66.9,10.2
119,수원,2016-03-21,17.4,,64.8,10.4
119,수원,2016-03-22,14.8,,70.5,9.9
119,수원,2016-03-23,14.1,,57,8
119,수원,2016-03-24,13.5,,47.3,11.3
119,수원,2016-03-25,12.6,,57.8,10.5
119,수원,2016-03-26,13.2,,62.4,10.2
119,수원,2016-03-27,13.9,,60,9.4
119,수원,2016-03-28,17.9,,47.5,11.4
119,수원,2016-03-29,18.1,0,63,3.2
119,수원,2016-03-30,18.9,,59.1,9.1
119,수원,2016-03-31,22.2,,38.3,8.5
119,수원,2016-04-01,24.3,,37.1,10
119,수원,2016-04-02,23.3,,47.8,10.5
119,수원,2016-04-03,14,.3,79.6,0
119,수원,2016-04-04,20.1,,51.9,10.8
119,수원,2016-04-05,18.7,,45.8,11.8
119,수원,2016-04-06,23.6,4.2,44.5,6.5
119,수원,2016-04-07,20.9,7.9,81.1,8.2
119,수원,2016-04-08,20.6,,86,7
119,수원,2016-04-09,18.1,,88.1,0
119,수원,2016-04-10,21.5,0,84.9,5.7
119,수원,2016-04-11,19.8,,51.4,11.6
119,수원,2016-04-12,20.3,,50.6,5.7
119,수원,2016-04-13,22,3.8,79.8,4.4
119,수원,2016-04-14,17.8,,91.8,4.7
119,수원,2016-04-15,24.2,,57.9,10.6
119,수원,2016-04-16,21.6,29.6,71.6,1.7
119,수원,2016-04-17,15,17.7,70.9,7.6
119,수원,2016-04-18,19.5,3.2,74.3,9.4
119,수원,2016-04-19,19.8,,67.9,10.2
119,수원,2016-04-20,19.6,.4,64.3,3.8
119,수원,2016-04-21,19.3,12.1,90.5,.7
119,수원,2016-04-22,23.8,,86.3,5.2
119,수원,2016-04-23,21.3,,58.1,4.1
119,수원,2016-04-24,24.3,,52.9,11
119,수원,2016-04-25,26.1,,42.5,11.5
119,수원,2016-04-26,29.7,,44.9,9
119,수원,2016-04-27,20.6,,38.4,0
119,수원,2016-04-28,22.1,,44.3,9.2
119,수원,2016-04-29,22.6,,60.6,11.5
119,수원,2016-04-30,23.4,,55.5,4.4
119,수원,2016-05-01,27.8,,47.1,8.3
119,수원,2016-05-02,28.4,21.3,72.5,6.8
119,수원,2016-05-03,18.5,38.1,93,0
119,수원,2016-05-04,21.3,,48.5,12.9
119,수원,2016-05-05,26.9,3.1,57.8,10.8
119,수원,2016-05-06,19.3,1.1,92.8,0
119,수원,2016-05-07,22.6,,68.9,12.2
119,수원,2016-05-08,26.5,,55.4,11
119,수원,2016-05-09,26.7,,54.3,5.8
119,수원,2016-05-10,19.2,16.2,81.9,.2
119,수원,2016-05-11,23.6,,66.9,13
119,수원,2016-05-12,24.7,,71.5,12.8
119,수원,2016-05-13,25,0,65.1,10.3
119,수원,2016-05-14,26.7,,51,10.9
119,수원,2016-05-15,25.2,39.8,80.6,4.4
119,수원,2016-05-16,22.2,2.7,69.6,11.1
119,수원,2016-05-17,27.1,,61.4,13.2
119,수원,2016-05-18,30.3,,57.9,13.4
119,수원,2016-05-19,31.8,,48,13.1
119,수원,2016-05-20,31.4,,48.5,12.1
119,수원,2016-05-21,30.3,,32.3,12.5
119,수원,2016-05-22,31,,41.4,12.5
119,수원,2016-05-23,29.6,,48.5,7.7
119,수원,2016-05-24,20.7,34.1,92.9,3.4
119,수원,2016-05-25,24.1,,77,3.8
119,수원,2016-05-26,24.7,,76,1.6
119,수원,2016-05-27,27.8,,68.3,6.8
119,수원,2016-05-28,27.2,,68.3,11.9
119,수원,2016-05-29,26.9,,63.6,7.3
119,수원,2016-05-30,28.7,,69.5,11.6
119,수원,2016-05-31,27.6,,77.9,11.4
119,수원,2016-06-01,29.6,,61.5,11.4
119,수원,2016-06-02,29.1,,50.5,13.7
119,수원,2016-06-03,28.3,,59.9,11.7
119,수원,2016-06-04,24.2,.2,61.5,.2
119,수원,2016-06-05,31.1,,59.3,11.7
119,수원,2016-06-06,26.4,,58.5,4.7
119,수원,2016-06-07,27.9,,73.3,10.9
119,수원,2016-06-08,27.1,,78.9,9.9
119,수원,2016-06-09,29.8,,74.1,10.3
119,수원,2016-06-10,30.3,,70.6,11.1
119,수원,2016-06-11,29.6,1.1,81.1,3.3
119,수원,2016-06-12,28,.4,88.4,4.6
119,수원,2016-06-13,28.5,,82.4,7.8
119,수원,2016-06-14,29.4,,74,6.9
119,수원,2016-06-15,25.7,27.6,90.4,2
119,수원,2016-06-16,25.7,,83.3,8
119,수원,2016-06-17,29.1,,71,11.5
119,수원,2016-06-18,29.2,,71,12.6
119,수원,2016-06-19,29.3,,73.5,8.7
119,수원,2016-06-20,30.7,,70.3,7.6
119,수원,2016-06-21,30.9,,72.9,6.2
119,수원,2016-06-22,31.1,.8,78.3,3
119,수원,2016-06-23,31.4,.7,78.6,8
119,수원,2016-06-24,26.7,6.4,90.3,1.6
119,수원,2016-06-25,27.7,,71.1,11.4
119,수원,2016-06-26,30.7,,70.5,13.3
119,수원,2016-06-27,30.1,,69.4,4
119,수원,2016-06-28,30.2,,69.4,10.8
119,수원,2016-06-29,29,,72.4,7.8
119,수원,2016-06-30,29,.2,88,.9
119,수원,2016-07-01,28,104.2,94,0
119,수원,2016-07-02,27.5,2.5,88.1,2.1
119,수원,2016-07-03,26.3,,82.6,2.3
119,수원,2016-07-04,23.6,43.7,96.3,0
119,수원,2016-07-05,27,37.2,99.6,0
119,수원,2016-07-06,27.3,.8,89.6,2.1
119,수원,2016-07-07,28.5,0,83.5,2.7
119,수원,2016-07-08,33.7,,75.4,12.9
119,수원,2016-07-09,32.9,,74.9,12
119,수원,2016-07-10,33.3,,74.4,7.8
119,수원,2016-07-11,34.2,.2,71.1,6.4
119,수원,2016-07-12,30.4,5.5,82.5,4.2
119,수원,2016-07-13,29.3,,81.8,4.2
119,수원,2016-07-14,31.4,.2,78.1,6.4
119,수원,2016-07-15,28.7,1.6,65,1.9
119,수원,2016-07-16,23.5,49.2,99.6,0
119,수원,2016-07-17,23.2,3.4,93.8,0
119,수원,2016-07-18,28.9,,82.8,7.5
119,수원,2016-07-19,32.8,,75.8,11.7
119,수원,2016-07-20,33.2,,70,8.2
119,수원,2016-07-21,32.1,,67.1,4.7
119,수원,2016-07-22,33.9,,67.5,9.1
119,수원,2016-07-23,32.1,.1,77.6,3.6
119,수원,2016-07-24,32.5,0,82.9,1.3
119,수원,2016-07-25,32.5,,86.4,4.8
119,수원,2016-07-26,32.7,,82.1,4.5
119,수원,2016-07-27,29.6,.3,87.1,.5
119,수원,2016-07-28,30.9,4.9,82.3,9.3
119,수원,2016-07-29,27.8,57.5,94.6,.7
119,수원,2016-07-30,33.2,6.4,86,6.2
119,수원,2016-07-31,33.7,,84,9.7
119,수원,2016-08-01,32.5,,83.8,4.5
119,수원,2016-08-02,30.7,0,84.3,0
119,수원,2016-08-03,34.7,,68.8,11.2
119,수원,2016-08-04,35.1,,80,8.4
119,수원,2016-08-05,35.6,,76.9,10.8
119,수원,2016-08-06,35.4,,75.5,10.5
119,수원,2016-08-07,34.9,,68,11.9
119,수원,2016-08-08,35,,76,9.4
119,수원,2016-08-09,34.3,,75.4,9.6
119,수원,2016-08-10,34.1,,74.1,11
119,수원,2016-08-11,35.5,,78,10.7
119,수원,2016-08-12,35,,83.8,9.1
119,수원,2016-08-13,34.6,,78.4,10.2
119,수원,2016-08-14,33.4,,84.6,5.4
119,수원,2016-08-15,34.1,0,75.6,7.9
119,수원,2016-08-16,34.4,0,70.3,10.8
119,수원,2016-08-17,34.6,.3,76.3,9.3
119,수원,2016-08-18,35.1,,69.8,3.8
119,수원,2016-08-19,34.2,,72.6,3.3
119,수원,2016-08-20,35.4,,64.1,4.4
119,수원,2016-08-21,36.5,,56.4,8.2
119,수원,2016-08-22,35.1,0,73.6,9.7
119,수원,2016-08-23,33.6,.3,72.9,6.2
119,수원,2016-08-24,33.8,0,63.5,6.6
119,수원,2016-08-25,34,0,72,7.1
119,수원,2016-08-26,26.4,17,70.9,5.3
119,수원,2016-08-27,29.1,,48.9,11.4
119,수원,2016-08-28,24.3,.3,66.1,1.5
119,수원,2016-08-29,28.6,,62.5,7.7
119,수원,2016-08-30,25.5,,67.4,4.9
119,수원,2016-08-31,22,55.1,90.4,.1
119,수원,2016-09-01,29.8,,80.8,9.5
119,수원,2016-09-02,29.2,.8,73.6,8.1
119,수원,2016-09-03,29.7,0,79.6,5.7
119,수원,2016-09-04,30.4,,78.1,3.7
119,수원,2016-09-05,31.5,,75.6,7.4
119,수원,2016-09-06,29,,82.9,5.1
119,수원,2016-09-07,28.5,,83.5,.9
119,수원,2016-09-08,27.1,29.1,87.3,1.3
119,수원,2016-09-09,28.2,0,86.1,5.7
119,수원,2016-09-10,28.4,,81.1,2.7
119,수원,2016-09-11,27.8,,72.9,5.6
119,수원,2016-09-12,28.9,,72.6,5.5
119,수원,2016-09-13,29.7,,72.5,8.8
119,수원,2016-09-14,28.9,0,78.6,6.3
119,수원,2016-09-15,28.4,,80.3,6.2
119,수원,2016-09-16,28.2,0,80.6,3.5
119,수원,2016-09-17,26.6,26.6,81.8,4.2
119,수원,2016-09-18,28.8,,60,7.3
119,수원,2016-09-19,27.3,0,58.9,8.2
119,수원,2016-09-20,26,,45.5,11.6
119,수원,2016-09-21,24.1,,54.6,7.9
119,수원,2016-09-22,26.5,,59.4,8.7
119,수원,2016-09-23,27.6,,70.5,9.7
119,수원,2016-09-24,28.3,,73.3,9.5
119,수원,2016-09-25,28.3,,74.4,3.8
119,수원,2016-09-26,27.1,0,74,3
119,수원,2016-09-27,23.5,11.3,93.3,0
119,수원,2016-09-28,23.3,0,93,0
119,수원,2016-09-29,24,,73.3,3.2
119,수원,2016-09-30,23.5,,77.8,.1
119,수원,2016-10-01,24.5,,86,1.1
119,수원,2016-10-02,21.7,16.7,91.8,0
119,수원,2016-10-03,28.2,3.3,88.5,7
119,수원,2016-10-04,28.9,,67.6,10.9
119,수원,2016-10-05,26.8,3,74.3,5.4
119,수원,2016-10-06,24,,68.8,10.4
119,수원,2016-10-07,24.7,18,78.4,5.3
119,수원,2016-10-08,22.7,20.5,71,6.7
119,수원,2016-10-09,17,,48.9,10.8
119,수원,2016-10-10,21.3,,58,9.1
119,수원,2016-10-11,21.3,,74.6,6.2
119,수원,2016-10-12,20.9,,65.5,9.7
119,수원,2016-10-13,21.9,,59.8,9.2
119,수원,2016-10-14,23.6,,76.9,8.5
119,수원,2016-10-15,26.8,,71.4,8.1
119,수원,2016-10-16,19.5,2.1,81.6,0
119,수원,2016-10-17,22.8,0,83.8,6
119,수원,2016-10-18,21.5,,90.4,5.2
119,수원,2016-10-19,24.6,,82.8,8.5
119,수원,2016-10-20,25.1,,73.8,8.4
119,수원,2016-10-21,19.8,0,62.4,.1
119,수원,2016-10-22,21.8,,64.3,1.9
119,수원,2016-10-23,17.9,3.5,75.6,0
119,수원,2016-10-24,19.6,,61.1,9.2
119,수원,2016-10-25,19,30.7,94,2.1
119,수원,2016-10-26,16.6,,90.5,2.3
119,수원,2016-10-27,19.8,,76.3,4.5
119,수원,2016-10-28,17.7,1.3,68.3,.3
119,수원,2016-10-29,13,,45.1,1.3
119,수원,2016-10-30,15.5,,48,10.3
119,수원,2016-10-31,10.2,0,59,0
119,수원,2016-11-01,8.1,,45.9,10.3
119,수원,2016-11-02,10.9,.7,65,6.2
119,수원,2016-11-03,14.8,.4,75.1,7.4
119,수원,2016-11-04,16.5,,73.9,2.9
119,수원,2016-11-05,20,,85.6,3.5
119,수원,2016-11-06,19.1,,66.4,5.5
119,수원,2016-11-07,18.6,2.9,72,2.3
119,수원,2016-11-08,9.2,.3,57.4,8.8
119,수원,2016-11-09,9.5,,46.4,9.7
119,수원,2016-11-10,11.5,.3,65,.3
119,수원,2016-11-11,14.8,3.1,72.3,7.8
119,수원,2016-11-12,17.8,,73.5,7.5
119,수원,2016-11-13,18.4,.8,85,2
119,수원,2016-11-14,17.5,3,87.3,0
119,수원,2016-11-15,11.3,,45,9.7
119,수원,2016-11-16,12.6,,56.9,8.6
119,수원,2016-11-17,16.5,,71.4,8.2
119,수원,2016-11-18,15.4,1.3,78,4.2
119,수원,2016-11-19,14.8,.1,87.4,0
119,수원,2016-11-20,16.4,,52.4,9
119,수원,2016-11-21,13.9,,55.4,.4
119,수원,2016-11-22,9,.6,44.4,6.1
119,수원,2016-11-23,4.4,,36.8,7.4
119,수원,2016-11-24,3.8,,40.8,9.5
119,수원,2016-11-25,7.3,,50.9,5.9
119,수원,2016-11-26,3.8,1.9,78.8,0
119,수원,2016-11-27,8.3,.5,91.1,4.3
119,수원,2016-11-28,7.3,,59.6,8.8
119,수원,2016-11-29,8.2,,51.5,9.3
119,수원,2016-11-30,10.5,1.5,62.8,.9
119,수원,2016-12-01,8.9,,53,7.8
119,수원,2016-12-02,8.7,,62.8,9.4
119,수원,2016-12-03,11.5,,78.4,7.8
119,수원,2016-12-04,8.7,0,75.4,.3
119,수원,2016-12-05,12,.5,73.1,2.2
119,수원,2016-12-06,4.9,,42,9.2
119,수원,2016-12-07,8.6,0,65.6,4.1
119,수원,2016-12-08,7.8,3.8,81.1,3.9
119,수원,2016-12-09,6.3,1.1,67.1,7.3
119,수원,2016-12-10,5.2,,52,9.1
119,수원,2016-12-11,5.5,,54,9.1
119,수원,2016-12-12,8.8,,46.9,2.7
119,수원,2016-12-13,8.7,,63,3.7
119,수원,2016-12-14,1.6,0,63.4,0
119,수원,2016-12-15,.6,,41,9
119,수원,2016-12-16,1.4,,43.8,8.8
119,수원,2016-12-17,10.1,,69,4.7
119,수원,2016-12-18,8.1,,75.4,0
119,수원,2016-12-19,12.6,1.5,79.9,1.3
119,수원,2016-12-20,14.6,,85.3,8
119,수원,2016-12-21,13.6,32.6,86.5,3.4
119,수원,2016-12-22,13.1,21.5,94.6,0
119,수원,2016-12-23,2.7,1.1,76.9,1.1
119,수원,2016-12-24,1.8,,65.9,4.8
119,수원,2016-12-25,7.5,,80.3,5.6
119,수원,2016-12-26,5.5,.1,78.5,0
119,수원,2016-12-27,3,.2,57.4,8.5
119,수원,2016-12-28,3.2,,54.8,8.9
119,수원,2016-12-29,.3,1,52.9,9
119,수원,2016-12-30,3.5,,64,7.4
119,수원,2016-12-31,5.5,,81.3,2
119,수원,2017-01-01,8.2,,85.8,2.1
119,수원,2017-01-02,10.3,.6,86.4,3.3
119,수원,2017-01-03,8.5,,75.5,8.6
119,수원,2017-01-04,10.9,,75.6,7.9
119,수원,2017-01-05,8.3,,65.1,0
119,수원,2017-01-06,11.4,,64.8,7
119,수원,2017-01-07,10.7,,82.1,6.7
119,수원,2017-01-08,11.9,0,62.4,3
119,수원,2017-01-09,6,.2,66.9,6
119,수원,2017-01-10,3.1,0,49.5,8.6
119,수원,2017-01-11,2.7,,45,8
119,수원,2017-01-12,3,1.9,59.9,7.4
119,수원,2017-01-13,0,.4,53.5,5.9
119,수원,2017-01-14,-3.7,,35.1,9.3
119,수원,2017-01-15,0,,43.4,9.5
119,수원,2017-01-16,3,,56.1,9.4
119,수원,2017-01-17,4.4,,64.1,7
119,수원,2017-01-18,3.7,0,81.8,2.6
119,수원,2017-01-19,4.9,,73.1,7.2
119,수원,2017-01-20,-.8,3.9,74.9,6.5
119,수원,2017-01-21,-1.1,1.8,87.6,2.1
119,수원,2017-01-22,-2.1,.1,53.5,9.1
119,수원,2017-01-23,-3.2,,53.6,9.6
119,수원,2017-01-24,-.3,,60.8,9.7
119,수원,2017-01-25,2.4,,67.8,9.7
119,수원,2017-01-26,3.5,0,74.6,6.5
119,수원,2017-01-27,3.9,3.5,52.6,9.4
119,수원,2017-01-28,5.1,,47.9,6.5
119,수원,2017-01-29,3,7,76.6,0
119,수원,2017-01-30,-.2,0,64.5,9.2
119,수원,2017-01-31,.9,,57.5,8
119,수원,2017-02-01,2.4,,50.5,9.5
119,수원,2017-02-02,4.4,,53.8,9.5
119,수원,2017-02-03,7.4,,75,8.8
119,수원,2017-02-04,4.9,,73.3,.4
119,수원,2017-02-05,3.9,1.3,76,0
119,수원,2017-02-06,3.3,,52.3,9.8
119,수원,2017-02-07,3.4,,52.9,3.3
119,수원,2017-02-08,2.5,,56.1,.7
119,수원,2017-02-09,-.9,0,48.5,8.4
119,수원,2017-02-10,-1.9,0,45.8,9.8
119,수원,2017-02-11,.2,,49.9,10.2
119,수원,2017-02-12,4.2,,59.4,10.2
119,수원,2017-02-13,4.7,1,83.1,4.3
119,수원,2017-02-14,6.5,,56.8,10.2
119,수원,2017-02-15,8.5,,62.4,9.1
119,수원,2017-02-16,12.6,.3,74.4,5.4
119,수원,2017-02-17,9.6,4,63.9,8.6
119,수원,2017-02-18,4,,47.8,10.3
119,수원,2017-02-19,6.8,4.6,71,2
119,수원,2017-02-20,5.5,2.2,58.4,8.5
119,수원,2017-02-21,6.8,,44.4,10
119,수원,2017-02-22,3.5,9.1,80.8,0
119,수원,2017-02-23,3.9,,55.4,10.5
119,수원,2017-02-24,5,,55,9.8
119,수원,2017-02-25,9.1,,66,10.5
119,수원,2017-02-26,10.1,,67.1,7.4
119,수원,2017-02-27,11,,55.9,10.6
119,수원,2017-02-28,13,,53.9,10
119,수원,2017-03-01,11.5,6.2,66.1,1.8
119,수원,2017-03-02,5.6,.3,71,8.9
119,수원,2017-03-03,11.1,,62.8,10.4
119,수원,2017-03-04,12.9,,69,10.7
119,수원,2017-03-05,11.3,1.3,78.1,7.1
119,수원,2017-03-06,5.6,,43.8,11
119,수원,2017-03-07,2.8,,43.6,11.1
119,수원,2017-03-08,6.1,0,52.8,9.2
119,수원,2017-03-09,10.1,,57.8,10.7
119,수원,2017-03-10,12.2,,53.5,11
119,수원,2017-03-11,16.7,,53.5,10.8
119,수원,2017-03-12,15.1,,67.5,4.7
119,수원,2017-03-13,12.9,,59.4,10.1
119,수원,2017-03-14,12.2,,42.3,11
119,수원,2017-03-15,12.8,,48.8,11.1
119,수원,2017-03-16,13.3,,52.3,10.5
119,수원,2017-03-17,15.9,,53.8,10.3
119,수원,2017-03-18,16.9,,43.3,8.8
119,수원,2017-03-19,18.7,,55,10.5
119,수원,2017-03-20,15,,55.3,0
119,수원,2017-03-21,13,,54.4,9.3
119,수원,2017-03-22,13.8,,49.4,9.6
119,수원,2017-03-23,14.6,,54,8.1
119,수원,2017-03-24,14.4,,59,6.1
119,수원,2017-03-25,12.4,,50.5,2.5
119,수원,2017-03-26,10.9,,62.5,3.4
119,수원,2017-03-27,12,0,70.9,4.7
119,수원,2017-03-28,13.2,,65.8,4.9
119,수원,2017-03-29,14.9,,62.5,8.7
119,수원,2017-03-30,17.3,,66.3,9.2
119,수원,2017-03-31,12.9,1.2,78.6,.3
119,수원,2017-04-01,14.7,1,67,10.1
119,수원,2017-04-02,15.9,,64.8,11.4
119,수원,2017-04-03,19.1,,59,11.6
119,수원,2017-04-04,22.5,,45,10.6
119,수원,2017-04-05,14.7,33.8,69.9,0
119,수원,2017-04-06,13.3,1.2,93.6,.1
119,수원,2017-04-07,22.2,,76.8,8.6
119,수원,2017-04-08,19.3,.1,85.4,6.3
119,수원,2017-04-09,18.2,.6,67.9,2.9
119,수원,2017-04-10,22,,26.4,11
119,수원,2017-04-11,19,0,45.5,8.9
119,수원,2017-04-12,16.6,,22.9,11.5
119,수원,2017-04-13,20.4,,58.8,11.3
119,수원,2017-04-14,18.7,0,63,3.7
119,수원,2017-04-15,25.3,,68.8,11.1
119,수원,2017-04-16,25.4,,59.8,7.2
119,수원,2017-04-17,17.2,7.9,82.3,1.5
119,수원,2017-04-18,18,7.9,89,2.8
119,수원,2017-04-19,18,,53.1,11.6
119,수원,2017-04-20,17.2,0,50.9,1.1
119,수원,2017-04-21,19.8,,69.4,9.5
119,수원,2017-04-22,22.5,,57.4,12.1
119,수원,2017-04-23,22.4,,51.4,12.5
119,수원,2017-04-24,22.1,,50.6,11.8
119,수원,2017-04-25,21.8,0,65.5,5.3
119,수원,2017-04-26,21,0,45.3,12.4
119,수원,2017-04-27,20.1,,44.6,12.8
119,수원,2017-04-28,22.1,,59.6,11.7
119,수원,2017-04-29,24.5,,52.6,12.1
119,수원,2017-04-30,28.1,,64.4,11.3
119,수원,2017-05-01,27.7,,64.8,11.3
119,수원,2017-05-02,26.8,,57.8,9.6
119,수원,2017-05-03,29.4,,51.3,12.3
119,수원,2017-05-04,28.1,0,55.6,7.9
119,수원,2017-05-05,27.7,0,63.3,10.9
119,수원,2017-05-06,21.1,,42.8,12.2
119,수원,2017-05-07,22.3,,57.5,11.8
119,수원,2017-05-08,23.7,,54.1,5.9
119,수원,2017-05-09,21.3,2.9,68.4,1.1
119,수원,2017-05-10,20.9,4.6,80.5,8.1
119,수원,2017-05-11,25,.3,75.6,4.3
119,수원,2017-05-12,22.9,.2,81.4,0
119,수원,2017-05-13,24.1,3.5,84,3
119,수원,2017-05-14,20.1,,69.4,13.1
119,수원,2017-05-15,20.6,,69,12.6
119,수원,2017-05-16,22.4,,66.9,8.6
119,수원,2017-05-17,25.7,,62.3,13.2
119,수원,2017-05-18,27.1,,55.5,12.6
119,수원,2017-05-19,28.3,,54.5,13.2
119,수원,2017-05-20,26.4,,52.4,11.8
119,수원,2017-05-21,26.7,,56.4,12.8
119,수원,2017-05-22,28,,61.5,12.5
119,수원,2017-05-23,24.4,7.1,74,1.5
119,수원,2017-05-24,26.7,3.9,72.5,11.3
119,수원,2017-05-25,24.5,,57.5,13.2
119,수원,2017-05-26,22.8,,49,12.7
119,수원,2017-05-27,25.6,,57,13.6
119,수원,2017-05-28,27.3,,58.6,11.2
119,수원,2017-05-29,29.4,,71,11.6
119,수원,2017-05-30,30.3,,51.9,11.4
119,수원,2017-05-31,28.4,,64.4,7.9
119,수원,2017-06-01,26.3,0,66.4,9.9
119,수원,2017-06-02,25.7,,49.3,12.9
119,수원,2017-06-03,25.8,,55.8,13.8
119,수원,2017-06-04,28.1,,53.1,13.7
119,수원,2017-06-05,30.2,,45.4,12.9
119,수원,2017-06-06,22.7,6,62.8,0
119,수원,2017-06-07,19.3,6.1,98,.1
119,수원,2017-06-08,26.4,,78.6,8.8
119,수원,2017-06-09,27.2,0,77,7.5
119,수원,2017-06-10,27.6,.5,58.4,8.9
119,수원,2017-06-11,29.6,,48.4,13.9
119,수원,2017-06-12,27.2,,48.8,8
119,수원,2017-06-13,26.3,.3,75.5,7.6
119,수원,2017-06-14,26.3,,74.8,11.1
119,수원,2017-06-15,29,,72.4,12.3
119,수원,2017-06-16,32.2,,67.8,11.9
119,수원,2017-06-17,29.7,,52.6,12.6
119,수원,2017-06-18,32,,61.1,13.3
119,수원,2017-06-19,30.3,,61.6,11.5
119,수원,2017-06-20,31.8,,57.1,6.3
119,수원,2017-06-21,30.7,,61.9,12.4
119,수원,2017-06-22,30.5,,67.5,10.8
119,수원,2017-06-23,33.2,,65.4,12.6
119,수원,2017-06-24,27.6,2.7,70.5,0
119,수원,2017-06-25,29.9,.5,72.6,6.4
119,수원,2017-06-26,30.3,7.3,85.3,4.3
119,수원,2017-06-27,30.8,4.2,81.1,8.5
119,수원,2017-06-28,30.6,,76.3,8.5
119,수원,2017-06-29,31.4,,75.5,9.1
119,수원,2017-06-30,31.2,,76.9,6
119,수원,2017-07-01,28.1,15.6,89.6,.2
119,수원,2017-07-02,26.5,85,98.5,0
119,수원,2017-07-03,27.8,12.4,98.5,0
119,수원,2017-07-04,31.2,82.3,87.5,8.9
119,수원,2017-07-05,33.6,,77.1,8.2
119,수원,2017-07-06,34,,78.6,8.8
119,수원,2017-07-07,28.7,6.1,89.3,.6
119,수원,2017-07-08,28.2,19.3,95.8,.1
119,수원,2017-07-09,31.8,28,91.9,1.1
119,수원,2017-07-10,26.1,69.5,99.4,0
119,수원,2017-07-11,32,1.3,89,6
119,수원,2017-07-12,31.9,0,88.6,5.8
119,수원,2017-07-13,32.3,,81.3,10.8
119,수원,2017-07-14,33.9,.2,79.8,7.7
119,수원,2017-07-15,26.1,74.7,98.9,.1
119,수원,2017-07-16,27.2,77.8,96.5,.1
119,수원,2017-07-17,29.1,.9,92,.1
119,수원,2017-07-18,31,1.3,91.4,4.2
119,수원,2017-07-19,34.8,,78.4,8.6
119,수원,2017-07-20,34.4,,80.9,9.4
119,수원,2017-07-21,32.6,5.1,85.8,3.1
119,수원,2017-07-22,32.5,.2,89.4,3.8
119,수원,2017-07-23,29.2,63.3,99.1,0
119,수원,2017-07-24,27.7,19.4,98.3,.6
119,수원,2017-07-25,35.8,,79.1,9.7
119,수원,2017-07-26,32.2,,62.9,11.8
119,수원,2017-07-27,30.7,.8,66.3,2.3
119,수원,2017-07-28,27.4,16.5,99.1,0
119,수원,2017-07-29,30.7,,83.5,2.7
119,수원,2017-07-30,32.8,,75.3,9
119,수원,2017-07-31,26.6,104.8,97.9,0
119,수원,2017-08-01,33.6,.8,85.6,7.9
119,수원,2017-08-02,34.2,,83.4,6
119,수원,2017-08-03,32.7,,67.9,12.2
119,수원,2017-08-04,35.4,,65.5,12.2
119,수원,2017-08-05,36.9,,71.8,11.3
119,수원,2017-08-06,33.4,2.7,83.1,3.6
119,수원,2017-08-07,33.6,,81.1,10.5
119,수원,2017-08-08,32.1,0,73.6,5
119,수원,2017-08-09,29.6,6.6,79.9,.9
119,수원,2017-08-10,25.6,11.3,99.5,.4
119,수원,2017-08-11,32,6.9,88.9,5.2
119,수원,2017-08-12,32.4,,71.4,9
119,수원,2017-08-13,27.3,0,72.6,1
119,수원,2017-08-14,25.6,8,86.5,.3
119,수원,2017-08-15,23.8,50.9,98.5,0
119,수원,2017-08-16,27.9,1.9,91.5,1
119,수원,2017-08-17,29.8,.2,87.4,4.8
119,수원,2017-08-18,30.9,,85,5.7
119,수원,2017-08-19,28.9,13.7,88.4,0
119,수원,2017-08-20,27,130.8,97.5,.3
119,수원,2017-08-21,28.6,22.6,95,3.5
119,수원,2017-08-22,32.1,,85.3,9.9
119,수원,2017-08-23,31.4,34.8,93.9,4.1
119,수원,2017-08-24,29.2,38.1,96.3,.5
119,수원,2017-08-25,31.5,,74,10.1
119,수원,2017-08-26,29.6,,62,11.8
119,수원,2017-08-27,26.6,0,74,1.5
119,수원,2017-08-28,26.1,30.4,86.6,.8
119,수원,2017-08-29,24.3,,57.6,10.9
119,수원,2017-08-30,23.6,,61.6,1.7
119,수원,2017-08-31,28.2,,73,10.4
119,수원,2017-09-01,29.7,,61.3,12.2
119,수원,2017-09-02,29.5,,69.6,10.5
119,수원,2017-09-03,29.1,,71.4,9.6
119,수원,2017-09-04,29.2,,60.6,9.7
119,수원,2017-09-05,23.8,0,70.4,0
119,수원,2017-09-06,22.9,1.3,89.6,0
119,수원,2017-09-07,27.7,,85.1,8.8
119,수원,2017-09-08,29.8,,81.3,8.6
119,수원,2017-09-09,29.4,,83.8,7.5
119,수원,2017-09-10,25.2,0,87.8,0
119,수원,2017-09-11,25.1,15.7,91.6,2.7
119,수원,2017-09-12,27.6,,70.3,11.3
119,수원,2017-09-13,27.5,,64,11.8
119,수원,2017-09-14,28.8,,64.4,11.9
119,수원,2017-09-15,27.7,,54.4,10.2
119,수원,2017-09-16,26.3,,56.5,8.1
119,수원,2017-09-17,28.5,,61.3,8.9
119,수원,2017-09-18,27.3,,76.4,11.6
119,수원,2017-09-19,27,7.8,89.3,1.4
119,수원,2017-09-20,23.9,,63.4,11.8
119,수원,2017-09-21,26.5,,72.3,11.5
119,수원,2017-09-22,27.6,,73.8,11
119,수원,2017-09-23,27,,85.4,5.4
119,수원,2017-09-24,27.6,,87.8,5.6
119,수원,2017-09-25,29.7,,75.3,9.8
119,수원,2017-09-26,29.3,0,68.9,7.8
119,수원,2017-09-27,26.6,1.3,74.4,2
119,수원,2017-09-28,24.9,,53.6,11.3
119,수원,2017-09-29,21.9,,51.6,9.8
119,수원,2017-09-30,25.9,,73.4,8.5
119,수원,2017-10-01,21.8,10,88.5,1.2
119,수원,2017-10-02,28.6,1.6,72.1,9.6
119,수원,2017-10-03,22.8,,53.3,4.4
119,수원,2017-10-04,23.2,,56.3,8.4
119,수원,2017-10-05,22.2,,63.5,4.8
119,수원,2017-10-06,21.5,0,71.4,2.8
119,수원,2017-10-07,26.3,,79,6
119,수원,2017-10-08,27.1,,80.9,8
119,수원,2017-10-09,27.8,,79,9.7
119,수원,2017-10-10,25.3,.1,87.3,1.2
119,수원,2017-10-11,21.2,16.8,87.1,.5
119,수원,2017-10-12,13.9,.2,79.5,.1
119,수원,2017-10-13,18.3,,66.8,8.4
119,수원,2017-10-14,20.2,,54.3,8.7
119,수원,2017-10-15,21.6,,57.1,7.4
119,수원,2017-10-16,21.8,,56.4,3.5
119,수원,2017-10-17,22.9,,62.8,10.3
119,수원,2017-10-18,18.1,0,64.8,.2
119,수원,2017-10-19,21.9,,65.9,9.3
119,수원,2017-10-20,23.8,,70.4,10.3
119,수원,2017-10-21,24.6,,70.1,10.2
119,수원,2017-10-22,22.4,,62.3,10
119,수원,2017-10-23,19.1,,56.9,10.1
119,수원,2017-10-24,20.1,,66.9,7.4
119,수원,2017-10-25,20.2,,78.4,9.4
119,수원,2017-10-26,19.9,,63.5,4.1
119,수원,2017-10-27,23.3,,68.4,9.1
119,수원,2017-10-28,24.1,,67.8,9.9
119,수원,2017-10-29,18.1,,55.6,7.3
119,수원,2017-10-30,13.3,,42,10.2
119,수원,2017-10-31,16.9,,71.9,10
119,수원,2017-11-01,19.2,,83.4,2.3
119,수원,2017-11-02,19.2,0,87.4,1.3
119,수원,2017-11-03,18.4,2.2,72.6,5.2
119,수원,2017-11-04,14.2,,62.1,9
119,수원,2017-11-05,15.5,,75,8.1
119,수원,2017-11-06,16.5,,77.5,7.7
119,수원,2017-11-07,20,0,71,5.1
119,수원,2017-11-08,18.2,.2,67.4,7.4
119,수원,2017-11-09,16.6,,58.8,9
119,수원,2017-11-10,16.8,9.6,72.9,1.9
119,수원,2017-11-11,11.3,,54.9,9.6
119,수원,2017-11-12,12.1,,76.5,9.6
119,수원,2017-11-13,11.7,7.8,74.8,.6
119,수원,2017-11-14,12.5,,53.8,8.9
119,수원,2017-11-15,8.7,.2,49.8,7.4
119,수원,2017-11-16,7.8,,46.1,9.5
119,수원,2017-11-17,6.8,.2,52.9,.1
119,수원,2017-11-18,2.9,,39.5,9.7
119,수원,2017-11-19,5.5,,40.6,7.9
119,수원,2017-11-20,6.1,.7,71.5,5.5
119,수원,2017-11-21,8.4,,75.4,9.4
119,수원,2017-11-22,12.2,.1,62,4.7
119,수원,2017-11-23,6.5,1.9,61.1,5.7
119,수원,2017-11-24,4.5,1.5,77.4,5.1
119,수원,2017-11-25,9.7,13,86,3.9
119,수원,2017-11-26,10.2,.2,71.8,8.5
119,수원,2017-11-27,9.4,,71.4,9.3
119,수원,2017-11-28,12.2,0,76.4,4
119,수원,2017-11-29,8.5,0,48.5,8
119,수원,2017-11-30,3.8,,30.9,9.1
119,수원,2017-12-01,4.6,0,54,8.2
119,수원,2017-12-02,7.1,,72.9,8.5
119,수원,2017-12-03,7.9,4,90.1,.4
119,수원,2017-12-04,4.4,.4,57,8.2
119,수원,2017-12-05,.7,0,44.6,9.3
119,수원,2017-12-06,5.7,3.2,77.3,7.4
119,수원,2017-12-07,7.2,.2,65.8,7.4
119,수원,2017-12-08,.8,,43.9,9.1
119,수원,2017-12-09,4.4,,57.3,5.5
119,수원,2017-12-10,7.2,7.6,76.8,1.2
119,수원,2017-12-11,-1.3,,42.8,8.5
119,수원,2017-12-12,-3.2,,44.5,9.1
119,수원,2017-12-13,-1.9,,40.6,9
119,수원,2017-12-14,-.6,,50.8,4.2
119,수원,2017-12-15,1.6,0,55,.7
119,수원,2017-12-16,-.9,,44.9,8.4
119,수원,2017-12-17,-.7,0,46.9,8.9
119,수원,2017-12-18,6.6,1.2,71,4.3
119,수원,2017-12-19,.5,,50.4,8.6
119,수원,2017-12-20,2.7,1.1,75.9,2.4
119,수원,2017-12-21,4.1,,88.8,5.5
119,수원,2017-12-22,7.9,,77.3,4
119,수원,2017-12-23,9,,91.1,.7
119,수원,2017-12-24,5.2,17,92.3,0
119,수원,2017-12-25,1.9,0,48.9,8.8
119,수원,2017-12-26,1.1,0,50.6,8.7
119,수원,2017-12-27,-1.6,,37.1,8.9
119,수원,2017-12-28,3.4,0,49.9,5.3
119,수원,2017-12-29,7.8,,73.5,1
119,수원,2017-12-30,4.8,3.3,90,.4
119,수원,2017-12-31,5.1,.5,60.6,8.3
119,수원,2018-01-01,4.7,,56.5,8.3
119,수원,2018-01-02,3.3,,53.9,6
119,수원,2018-01-03,1.6,,44.4,9
119,수원,2018-01-04,-.3,,48.6,5.5
119,수원,2018-01-05,2.5,,66.8,7.1
119,수원,2018-01-06,3.9,,61.3,9.3
119,수원,2018-01-07,3.1,,57,2.8
119,수원,2018-01-08,4,2,63.6,.4
119,수원,2018-01-09,.4,1.1,65.9,7.3
119,수원,2018-01-10,-2.5,.5,55.4,9.1
119,수원,2018-01-11,-5.8,,52.9,9
119,수원,2018-01-12,-4.7,0,44.8,9.2
119,수원,2018-01-13,-.6,.7,86,.6
119,수원,2018-01-14,5.2,,73.5,7
119,수원,2018-01-15,8.9,.4,77.4,7.6
119,수원,2018-01-16,6.9,0,73.3,.1
119,수원,2018-01-17,8.1,.6,83.9,2.1
119,수원,2018-01-18,6.8,,62.8,1.7
119,수원,2018-01-19,7.1,,45.9,8.9
119,수원,2018-01-20,7.2,,70.6,3.7
119,수원,2018-01-21,6.1,,55,7.9
119,수원,2018-01-22,6.2,2.1,64.8,1.2
119,수원,2018-01-23,-4.1,0,41,9.2
119,수원,2018-01-24,-8.4,,32.1,9.6
119,수원,2018-01-25,-7.9,,34.4,8.5
119,수원,2018-01-26,-9,,36.6,9.7
119,수원,2018-01-27,-1.8,,43.8,9.5
119,수원,2018-01-28,.3,,36.5,8
119,수원,2018-01-29,-3.4,,39.4,9.2
119,수원,2018-01-30,0,.5,68.4,5.1
119,수원,2018-01-31,1.4,,60.1,1.5
119,수원,2018-02-01,3.6,,48.6,9.9
119,수원,2018-02-02,4.4,,61.3,8.8
119,수원,2018-02-03,-2.8,.4,52.3,9.8
119,수원,2018-02-04,-4.6,,42.8,9.9
119,수원,2018-02-05,-4,,39.9,10.1
119,수원,2018-02-06,-4.8,,39.3,9.4
119,수원,2018-02-07,-1.2,,49.6,9.9
119,수원,2018-02-08,3.4,,56,9.6
119,수원,2018-02-09,6.2,,49.4,1.7
119,수원,2018-02-10,5.9,,50.9,5.9
119,수원,2018-02-11,-.4,1.9,56.1,6.6
119,수원,2018-02-12,-1.6,1,65.5,8.3
119,수원,2018-02-13,5.3,,74.6,9.6
119,수원,2018-02-14,9.1,,61.6,3.2
119,수원,2018-02-15,5.9,,37.4,9.8
119,수원,2018-02-16,6,,53,9.5
119,수원,2018-02-17,2.4,,35.1,9.4
119,수원,2018-02-18,5.8,,35.3,5
119,수원,2018-02-19,7.4,,62.8,4.4
119,수원,2018-02-20,7.5,.1,56.5,5.7
119,수원,2018-02-21,5.4,,36,10.2
119,수원,2018-02-22,5.9,0,61.5,4.7
119,수원,2018-02-23,10.3,2.8,82.4,2.8
119,수원,2018-02-24,8.3,,62.1,7.8
119,수원,2018-02-25,8.8,,48.8,8.9
119,수원,2018-02-26,11.1,,59.1,10.4
119,수원,2018-02-27,7.7,,59.4,0
119,수원,2018-02-28,8.8,22.9,76.8,0
119,수원,2018-03-01,3.8,2.9,68.3,8.6
119,수원,2018-03-02,6.3,,38.3,10.7
119,수원,2018-03-03,16.8,0,42.9,10.5
119,수원,2018-03-04,13.9,13.1,90,.1
119,수원,2018-03-05,11.3,7.2,68.3,7.2
119,수원,2018-03-06,11.9,,61.8,10.9
119,수원,2018-03-07,12.2,2.5,60.1,4.2
119,수원,2018-03-08,9.3,6.9,85,3.1
119,수원,2018-03-09,10,,74.1,6.8
119,수원,2018-03-10,10.8,,75.1,8.4
119,수원,2018-03-11,13.4,,66.3,10.1
119,수원,2018-03-12,16.7,,69.4,8
119,수원,2018-03-13,19.4,,70.3,7.3
119,수원,2018-03-14,23.2,,62.1,7.9
119,수원,2018-03-15,15.5,46.5,99.1,0
119,수원,2018-03-16,11.9,,53.6,10.9
119,수원,2018-03-17,14.5,,53.5,9.5
119,수원,2018-03-18,12.7,1.3,66.3,.2
119,수원,2018-03-19,10.8,3.5,76,0
119,수원,2018-03-20,9.4,,43.3,5.1
119,수원,2018-03-21,2.7,2.1,78.1,0
119,수원,2018-03-22,11.4,,75.1,11
119,수원,2018-03-23,13.2,,71.8,7.9
119,수원,2018-03-24,14.7,,81.8,6.8
119,수원,2018-03-25,18.4,,77.4,9.1
119,수원,2018-03-26,19.5,,78.3,8.3
119,수원,2018-03-27,21.3,,75.3,9.1
119,수원,2018-03-28,21.1,,74.5,6.9
119,수원,2018-03-29,21.5,,80.5,5.1
119,수원,2018-03-30,21.2,,68.6,8.7
119,수원,2018-03-31,21.3,,65.8,9.8
119,수원,2018-04-01,18,,78.9,.1
119,수원,2018-04-02,25,,75.1,5.6
119,수원,2018-04-03,23.8,,77.8,2.9
119,수원,2018-04-04,16.6,19.1,78.6,3.8
119,수원,2018-04-05,10.3,16.3,95.9,0
119,수원,2018-04-06,9.3,8.9,76.1,4.3
119,수원,2018-04-07,9.8,0,49.1,10.7
119,수원,2018-04-08,10.2,.5,62.1,3.2
119,수원,2018-04-09,16.8,,59.9,11.5
119,수원,2018-04-10,22.4,1.1,56.9,6.2
119,수원,2018-04-11,18.1,,58.8,11.4
119,수원,2018-04-12,20.5,,50.4,11.2
119,수원,2018-04-13,19.7,,36.6,1.7
119,수원,2018-04-14,14.4,9.6,85.4,.1
119,수원,2018-04-15,14.9,,77.9,8.4
119,수원,2018-04-16,19.3,,59.8,12.2
119,수원,2018-04-17,20.6,,50.6,10.7
119,수원,2018-04-18,19.4,,53.3,12
119,수원,2018-04-19,21.7,,49.4,11.5
119,수원,2018-04-20,27,,54.9,11.2
119,수원,2018-04-21,27.3,,51.1,12.2
119,수원,2018-04-22,21.2,4.5,68.6,0
119,수원,2018-04-23,13.1,66.2,98.3,0
119,수원,2018-04-24,16.5,2.6,66.8,0
119,수원,2018-04-25,24.1,,52,12.5
119,수원,2018-04-26,22.5,,63.4,11.5
119,수원,2018-04-27,22.8,,70.8,10.6
119,수원,2018-04-28,22.4,,64.6,12
119,수원,2018-04-29,24,,59.4,11.9
119,수원,2018-04-30,25.8,,69.6,9.8
119,수원,2018-05-01,25.1,0,79.9,2.7
119,수원,2018-05-02,20.6,4.1,94.4,0
119,수원,2018-05-03,16.8,0,67.6,10
119,수원,2018-05-04,20.3,,55.4,12.5
119,수원,2018-05-05,25.1,,57.4,10
119,수원,2018-05-06,19.2,22.7,96.6,.8
119,수원,2018-05-07,27.1,,73.1,6.7
119,수원,2018-05-08,22.8,,58.4,9.8
119,수원,2018-05-09,22.2,,58.1,12.8
119,수원,2018-05-10,22.5,,79.4,12.5
119,수원,2018-05-11,22.2,0,68.6,5.3
119,수원,2018-05-12,16.3,36,94.6,0
119,수원,2018-05-13,19.3,.5,92.5,4.3
119,수원,2018-05-14,25.7,,83.3,7.7
119,수원,2018-05-15,29.1,0,66.9,8.1
119,수원,2018-05-16,24.5,28.3,95.4,0
119,수원,2018-05-17,24.8,64.8,98.6,.1
119,수원,2018-05-18,20,5.2,93,0
119,수원,2018-05-19,24.3,,56.1,13.6
119,수원,2018-05-20,23.7,,39.6,5.1
119,수원,2018-05-21,22.9,,56.6,10
119,수원,2018-05-22,23.8,13.6,80.8,2.6
119,수원,2018-05-23,22.9,6.6,71.5,13.1
119,수원,2018-05-24,24.9,,59.6,12.5
119,수원,2018-05-25,26.6,,54.9,9.9
119,수원,2018-05-26,29.5,,63.3,13.3
119,수원,2018-05-27,24.6,,58.1,1.3
119,수원,2018-05-28,29.4,,63,12.8
119,수원,2018-05-29,26.8,10.9,78.3,2.5
119,수원,2018-05-30,25.3,3.7,89.5,8
119,수원,2018-05-31,26.2,,75.9,11.3
119,수원,2018-06-01,29.9,,62.5,13.5
119,수원,2018-06-02,29.5,,59,13.5
119,수원,2018-06-03,30.9,,57.4,13
119,수원,2018-06-04,27.3,,63.1,8.3
119,수원,2018-06-05,30.1,,62.3,11.7
119,수원,2018-06-06,27.9,,78.1,12.5
119,수원,2018-06-07,29,,83.8,8
119,수원,2018-06-08,26.9,,79,8.5
119,수원,2018-06-09,29.5,.1,66,6.7
119,수원,2018-06-10,25.8,1.4,62.8,2
119,수원,2018-06-11,23.8,0,67.4,2.4
119,수원,2018-06-12,27.8,.3,72.3,10.7
119,수원,2018-06-13,27.3,,72.8,5.1
119,수원,2018-06-14,25.9,3.4,71.9,2.6
119,수원,2018-06-15,26.3,.3,60.4,9.3
119,수원,2018-06-16,29.1,,60.9,13.5
119,수원,2018-06-17,28.6,,78.6,2.2
119,수원,2018-06-18,30.6,,69.3,11.7
119,수원,2018-06-19,26,,73.4,1.3
119,수원,2018-06-20,28.9,,78.9,10.9
119,수원,2018-06-21,28.8,,71.3,11.4
119,수원,2018-06-22,32.6,,60.5,12.3
119,수원,2018-06-23,30.8,,62.9,8.2
119,수원,2018-06-24,33.3,,73.8,11.2
119,수원,2018-06-25,33.1,,65,6.9
119,수원,2018-06-26,26,95.5,94,0
119,수원,2018-06-27,28,.2,92.4,2.2
119,수원,2018-06-28,26.3,3.1,95,.9
119,수원,2018-06-29,29.9,1,88.3,7
119,수원,2018-06-30,29.7,1.7,88.3,1.7
119,수원,2018-07-01,23.9,105.7,98.6,0
119,수원,2018-07-02,28,76.3,98.9,.3
119,수원,2018-07-03,33.5,17.7,85.8,8.7
119,수원,2018-07-04,32.3,,84.1,11.4
119,수원,2018-07-05,30.8,.3,84,3.2
119,수원,2018-07-06,27.5,0,67.3,2.5
119,수원,2018-07-07,29.6,,57.5,9
119,수원,2018-07-08,28.2,,58.4,10.4
119,수원,2018-07-09,23.6,11.5,91,0
119,수원,2018-07-10,27.9,2.9,88.6,0
119,수원,2018-07-11,30.9,4.2,85.3,.9
119,수원,2018-07-12,31.1,0,83.5,5.4
119,수원,2018-07-13,32.4,.1,81,7.2
119,수원,2018-07-14,32.8,,77.3,10.5
119,수원,2018-07-15,34,,77.1,11.5
119,수원,2018-07-16,33.7,,73.6,13.5
119,수원,2018-07-17,32.4,,75.3,13.3
119,수원,2018-07-18,33.4,,75.9,13.2
119,수원,2018-07-19,33.4,,73.5,13.2
119,수원,2018-07-20,34,,71.1,12.6
119,수원,2018-07-21,36.7,,63.9,13.2
119,수원,2018-07-22,37.5,,60,11.2
119,수원,2018-07-23,36,,60.6,9.5
119,수원,2018-07-24,36.5,,68.8,12.2
119,수원,2018-07-25,33.9,,71.9,6.3
119,수원,2018-07-26,34.2,,76.8,7.6
119,수원,2018-07-27,35.7,,78.5,10.1
119,수원,2018-07-28,34.9,4,86.6,3.9
119,수원,2018-07-29,35.9,,60.5,11.6
119,수원,2018-07-30,36.3,,57.9,10.7
119,수원,2018-07-31,37.5,,58.5,12.1
119,수원,2018-08-01,39.3,,66,13.2
119,수원,2018-08-02,38.1,,63.9,9.7
119,수원,2018-08-03,37.6,,63.8,12.2
119,수원,2018-08-04,35,,72.6,10.7
119,수원,2018-08-05,34.3,0,78.9,10.8
119,수원,2018-08-06,34.8,1,79.9,7.1
119,수원,2018-08-07,36.4,0,69.1,9.2
119,수원,2018-08-08,36,,75.3,10.3
119,수원,2018-08-09,34.1,,80.5,5.7
119,수원,2018-08-10,37,,65.8,11.3
119,수원,2018-08-11,35.6,,62.6,9
119,수원,2018-08-12,35.6,2.8,65.5,9.8
119,수원,2018-08-13,36.7,,70.1,9.7
119,수원,2018-08-14,37.1,,62.9,7.6
119,수원,2018-08-15,39.2,,60.1,11.3
119,수원,2018-08-16,35.9,,56.5,11
119,수원,2018-08-17,32.5,,47.8,12.6
119,수원,2018-08-18,32.1,,56.4,10.8
119,수원,2018-08-19,33.8,,62,9.1
119,수원,2018-08-20,32.8,,65.4,4.8
119,수원,2018-08-21,30.1,5.7,82.4,3.8
119,수원,2018-08-22,37.2,,64.5,11.9
119,수원,2018-08-23,33.2,3.7,66,.6
119,수원,2018-08-24,28,12.2,91.1,.5
119,수원,2018-08-25,29.6,,80.8,4.5
119,수원,2018-08-26,25.9,4,82.3,.5
119,수원,2018-08-27,24.6,53.1,99.4,0
119,수원,2018-08-28,25.4,124.8,100,0
119,수원,2018-08-29,29.6,8.5,88.3,2.9
119,수원,2018-08-30,31.4,1.9,85.3,6.5
119,수원,2018-08-31,30,.9,78.6,7.7
119,수원,2018-09-01,30.7,,68.8,11.1
119,수원,2018-09-02,29.9,,62.8,9.1
119,수원,2018-09-03,28.5,17.7,85,1.1
119,수원,2018-09-04,29.3,,77,10
119,수원,2018-09-05,29,,72.1,11.1
119,수원,2018-09-06,28.8,6.7,83.6,2.6
119,수원,2018-09-07,25.4,1,65.9,9.5
119,수원,2018-09-08,28.2,,61.9,12.1
119,수원,2018-09-09,28.3,,65.3,10.3
119,수원,2018-09-10,28,,56.4,10.7
119,수원,2018-09-11,25.7,,56.3,8.4
119,수원,2018-09-12,27.6,,60.9,10.4
119,수원,2018-09-13,28,,69.6,5.4
119,수원,2018-09-14,25.1,.2,74.8,.1
119,수원,2018-09-15,23.6,6.9,93.5,0
119,수원,2018-09-16,25.4,1.6,92.8,0
119,수원,2018-09-17,27.8,0,75.5,11.4
119,수원,2018-09-18,26.9,,72,7.2
119,수원,2018-09-19,26.9,.1,69.9,.7
119,수원,2018-09-20,20.3,5.7,92,0
119,수원,2018-09-21,22.1,20,93.4,.1
119,수원,2018-09-22,26.5,.5,75.4,10.6
119,수원,2018-09-23,25.7,1.3,67.5,6.7
119,수원,2018-09-24,23.3,,63.9,11.1
119,수원,2018-09-25,24.1,,61.8,10.5
119,수원,2018-09-26,24.8,,58.3,7
119,수원,2018-09-27,24.8,,58.1,10.4
119,수원,2018-09-28,21.3,,66.5,2.7
119,수원,2018-09-29,27,,70,11.2
119,수원,2018-09-30,22.4,,64.4,10.8
119,수원,2018-10-01,20.8,.1,64.1,6.7
119,수원,2018-10-02,21.8,,74.1,11
119,수원,2018-10-03,24.6,,72.5,11
119,수원,2018-10-04,25.6,,64.3,8.9
119,수원,2018-10-05,19.4,27.2,89.4,0
119,수원,2018-10-06,22.6,76,91.3,2.4
119,수원,2018-10-07,22.2,,65.8,10.4
119,수원,2018-10-08,21.2,,63.9,9.3
119,수원,2018-10-09,19.7,,67.8,1.9
119,수원,2018-10-10,16.2,3,63.8,6.8
119,수원,2018-10-11,15.5,,60.3,8.3
119,수원,2018-10-12,17.8,,68.8,11
119,수원,2018-10-13,19.7,,71,10.7
119,수원,2018-10-14,21,,69.8,9.7
119,수원,2018-10-15,21.8,,84.5,7.7
119,수원,2018-10-16,20.7,,76.5,5.9
119,수원,2018-10-17,19,,72.5,10.5
119,수원,2018-10-18,18.8,3.8,86.9,7.3
119,수원,2018-10-19,20.5,,67.5,10.8
119,수원,2018-10-20,21.6,,72.9,10.1
119,수원,2018-10-21,21.1,,70.3,10.3
119,수원,2018-10-22,20.1,,72.3,6.3
119,수원,2018-10-23,16.3,5.9,94,4.1
119,수원,2018-10-24,19.3,,80.5,10.1
119,수원,2018-10-25,21.5,,69.8,9.5
119,수원,2018-10-26,14.7,7.2,79.9,2
119,수원,2018-10-27,13.6,0,55.9,8.6
119,수원,2018-10-28,16.1,9.4,82.5,3.2
119,수원,2018-10-29,13.5,.1,70.3,5.6
119,수원,2018-10-30,12.5,0,61.1,10.4
119,수원,2018-10-31,13.1,0,66.6,10.3
119,수원,2018-11-01,16.7,,71.5,10.3
119,수원,2018-11-02,19.9,,73.6,10.1
119,수원,2018-11-03,19.5,,76.3,9.9
119,수원,2018-11-04,20.6,,69.8,9.6
119,수원,2018-11-05,18.7,,82.4,8.2
119,수원,2018-11-06,18.1,,87.3,2.6
119,수원,2018-11-07,17.6,1.7,83.6,.5
119,수원,2018-11-08,15.4,64,98,0
119,수원,2018-11-09,16.6,0,76.5,6.3
119,수원,2018-11-10,17.8,,81,8.5
119,수원,2018-11-11,12.1,0,80.1,.5
119,수원,2018-11-12,15.9,,67.3,9.7
119,수원,2018-11-13,15.7,,73.4,9.4
119,수원,2018-11-14,17.4,,77,9.2
119,수원,2018-11-15,16.9,,74.6,8.5
119,수원,2018-11-16,15.8,,75.5,4.3
119,수원,2018-11-17,11.8,,57.9,6
119,수원,2018-11-18,12,,64.4,4.5
119,수원,2018-11-19,14.2,,64.6,8.2
119,수원,2018-11-20,12.6,,51.1,9.2
119,수원,2018-11-21,8.7,5.4,83.8,0
119,수원,2018-11-22,8.6,,48.6,9.5
119,수원,2018-11-23,7.9,,43.9,8.7
119,수원,2018-11-24,5.1,7,77.1,1.4
119,수원,2018-11-25,11.9,,83.9,6.3
119,수원,2018-11-26,14.2,,80.8,8.8
119,수원,2018-11-27,12.6,,71.6,.5
119,수원,2018-11-28,12.6,,35.3,6.2
119,수원,2018-11-29,9.4,,52.8,.6
119,수원,2018-11-30,9.7,,57.8,9.2
119,수원,2018-12-01,12.6,,61.8,7
119,수원,2018-12-02,13.4,0,62.6,2.5
119,수원,2018-12-03,13.4,10.3,94.8,0
119,수원,2018-12-04,11.9,10,75.6,3.1
119,수원,2018-12-05,6.7,,43.6,6.4
119,수원,2018-12-06,8.6,1,62.3,6.1
119,수원,2018-12-07,-.2,,41.8,8.9
119,수원,2018-12-08,-2.6,,42.1,9.1
119,수원,2018-12-09,-.7,,36.1,8.5
119,수원,2018-12-10,5.8,,45.5,7.1
119,수원,2018-12-11,3.8,0,59.3,0
119,수원,2018-12-12,3.9,,44.8,9
119,수원,2018-12-13,3.9,2.7,67.3,4.3
119,수원,2018-12-14,1.4,,60,9.1
119,수원,2018-12-15,3.4,,64.4,8
119,수원,2018-12-16,3.2,0,71.4,.4
119,수원,2018-12-17,7.4,0,65.1,7.6
119,수원,2018-12-18,9.3,,74,6.2
119,수원,2018-12-19,10.4,,74.5,7.6
119,수원,2018-12-20,11.7,,61.5,6.9
119,수원,2018-12-21,11.3,,56.9,4.3
119,수원,2018-12-22,13.1,,60.4,7.6
119,수원,2018-12-23,9.4,,43.9,8.5
119,수원,2018-12-24,4.2,,45.6,8.6
119,수원,2018-12-25,3.2,.1,69,.7
119,수원,2018-12-26,4.3,,41,8.1
119,수원,2018-12-27,-4.8,,32.3,9.1
119,수원,2018-12-28,-5.3,,40.6,9
119,수원,2018-12-29,-1.8,,37.6,9.1
119,수원,2018-12-30,-.5,,46.3,8.7
119,수원,2018-12-31,1.4,,59,8.9
119,수원,2019-01-01,.2,,64.8,5.3
119,수원,2019-01-02,1.5,,61.1,9
119,수원,2019-01-03,4.2,,52.3,9.1
119,수원,2019-01-04,4.2,,73.9,3.7
119,수원,2019-01-05,2.8,,45,8.8
119,수원,2019-01-06,3.1,,53.9,7.9
119,수원,2019-01-07,4.7,,73.5,6.9
119,수원,2019-01-08,2.4,,43.1,8.8
119,수원,2019-01-09,1.4,,39.3,8.8
119,수원,2019-01-10,2,,59.1,2.4
119,수원,2019-01-11,7.3,,70.1,6.4
119,수원,2019-01-12,9.1,,64.6,4.5
119,수원,2019-01-13,8.1,,77.9,8.7
119,수원,2019-01-14,4.7,,87.3,0
119,수원,2019-01-15,3.9,0,63.5,3.6
119,수원,2019-01-16,-.4,0,49.5,8.5
119,수원,2019-01-17,5.7,.1,60.8,9.1
119,수원,2019-01-18,7.4,,66.6,8.7
119,수원,2019-01-19,9.2,,70.5,6.1
119,수원,2019-01-20,4,,45.1,9.4
119,수원,2019-01-21,6.4,0,64.8,2.6
119,수원,2019-01-22,7.8,,79.8,8.2
119,수원,2019-01-23,9.1,,60,8.7
119,수원,2019-01-24,7.4,,42.9,9.6
119,수원,2019-01-25,4.4,,44.4,9.3
119,수원,2019-01-26,3.6,,41.6,9.7
119,수원,2019-01-27,5.4,,64.9,7.7
119,수원,2019-01-28,5,.4,48.5,8.5
119,수원,2019-01-29,7.4,,44.9,9.5
119,수원,2019-01-30,8.9,,66,8.4
119,수원,2019-01-31,2.4,,34.1,3.5
119,수원,2019-02-01,4.8,0,64.1,6.9
119,수원,2019-02-02,7,0,70.5,1.1
119,수원,2019-02-03,6.1,22.7,98.1,0
119,수원,2019-02-04,4.6,,50.8,8.4
119,수원,2019-02-05,10.1,,54.5,7.6
119,수원,2019-02-06,11.6,,66.4,2.3
119,수원,2019-02-07,6.1,0,50.4,8.7
119,수원,2019-02-08,.4,,38.8,7.8
119,수원,2019-02-09,-.5,,31.8,9.9
119,수원,2019-02-10,-.4,,41.1,.7
119,수원,2019-02-11,3.1,,44,9.8
119,수원,2019-02-12,5.3,0,47.6,8.6
119,수원,2019-02-13,3.8,,34.8,9.4
119,수원,2019-02-14,6.7,,35.1,9.1
119,수원,2019-02-15,1,2.6,81.6,0
119,수원,2019-02-16,2.2,.1,65.4,9.1
119,수원,2019-02-17,4.9,,57.5,10.4
119,수원,2019-02-18,6.1,,65.3,4.8
119,수원,2019-02-19,4.1,8,96,.2
119,수원,2019-02-20,5.4,0,79.9,.8
119,수원,2019-02-21,8.9,,75.8,9.7
119,수원,2019-02-22,11.3,,75.1,8.7
119,수원,2019-02-23,14.8,,62.5,8.4
119,수원,2019-02-24,13.6,,66.8,10.2
119,수원,2019-02-25,11,,74.3,6.9
119,수원,2019-02-26,11.9,,57.6,9.2
119,수원,2019-02-27,12.8,,52.4,5
119,수원,2019-02-28,14,,61.3,8.7
119,수원,2019-03-01,13.9,,68.6,9.6
119,수원,2019-03-02,14.6,,61.9,6.2
119,수원,2019-03-03,16.6,,55.6,8
119,수원,2019-03-04,15.9,,68,8.6
119,수원,2019-03-05,13.8,,74,2.7
119,수원,2019-03-06,12.4,,75.3,1.2
119,수원,2019-03-07,13.8,,72.4,10
119,수원,2019-03-08,13.8,,61.4,11.1
119,수원,2019-03-09,15.9,,48.8,9.5
119,수원,2019-03-10,16.1,,34.3,1
119,수원,2019-03-11,10.5,2.7,81.9,1.8
119,수원,2019-03-12,9.2,,69.6,1.3
119,수원,2019-03-13,8.9,,45.8,10.8
119,수원,2019-03-14,11,,60.3,6.5
119,수원,2019-03-15,12.5,2,77.6,3.9
119,수원,2019-03-16,10.4,,76.8,4.5
119,수원,2019-03-17,12.8,,68.4,9.1
119,수원,2019-03-18,14.5,,55.8,8
119,수원,2019-03-19,18.2,,65.9,9.6
119,수원,2019-03-20,16.1,23.6,85.4,0
119,수원,2019-03-21,12,4.6,83.1,4.1
119,수원,2019-03-22,10,,44.1,11
119,수원,2019-03-23,9.3,1.5,56.1,8.4
119,수원,2019-03-24,10.6,,60.6,11.7
119,수원,2019-03-25,14,,64.5,7.2
119,수원,2019-03-26,17.8,,60,9.6
119,수원,2019-03-27,17.5,,71,4.6
119,수원,2019-03-28,15.4,,59.4,9.7
119,수원,2019-03-29,15.2,,41.8,10.4
119,수원,2019-03-30,10,4.7,83.5,1.9
119,수원,2019-03-31,9,.5,55,4
119,수원,2019-04-01,11.5,,49.4,12
119,수원,2019-04-02,13.2,,55.4,12
119,수원,2019-04-03,14.4,,56.3,11.8
119,수원,2019-04-04,17.3,,52.3,11.7
119,수원,2019-04-05,16.9,,56.4,9.2
119,수원,2019-04-06,13.9,0,51.4,1.4
119,수원,2019-04-07,20.9,,41.3,8.9
119,수원,2019-04-08,18.1,,34.6,10.8
119,수원,2019-04-09,14.8,18.1,53.5,0
119,수원,2019-04-10,10.6,2.8,84.1,.2
119,수원,2019-04-11,15.5,0,76.1,4.8
119,수원,2019-04-12,18.7,,63.5,11.5
119,수원,2019-04-13,18.7,,47.1,10.7
119,수원,2019-04-14,13.8,.6,55.6,4.5
119,수원,2019-04-15,18.8,,51.8,12.2
119,수원,2019-04-16,23.8,,39.3,10.4
119,수원,2019-04-17,23.2,,53.4,12.4
119,수원,2019-04-18,18.8,0,82.6,2.5
119,수원,2019-04-19,19.2,,69.1,5.4
119,수원,2019-04-20,20.4,.1,69.9,6.1
119,수원,2019-04-21,20.3,.8,86.9,4
119,수원,2019-04-22,29.2,,63.4,11
119,수원,2019-04-23,25.7,0,65.4,3.7
119,수원,2019-04-24,25.9,12.9,81,6.7
119,수원,2019-04-25,17.5,5.8,86.3,0
119,수원,2019-04-26,11.6,1.9,88.1,0
119,수원,2019-04-27,18.5,,65.9,9.9
119,수원,2019-04-28,16.8,0,66.9,1.3
119,수원,2019-04-29,16.1,.6,77,2.2
119,수원,2019-04-30,23.1,,67.6,9.9
119,수원,2019-05-01,21.1,,70.9,11.2
119,수원,2019-05-02,25.3,,55.1,12.8
119,수원,2019-05-03,26.9,,53.1,12.6
119,수원,2019-05-04,26.9,,58,9.3
119,수원,2019-05-05,27.5,,52.1,11.1
119,수원,2019-05-06,20,0,44,13.1
119,수원,2019-05-07,22.5,,50.8,13.1
119,수원,2019-05-08,22.7,,57.9,11.9
119,수원,2019-05-09,23,,56.3,12.3
119,수원,2019-05-10,26.6,,63.9,12.1
119,수원,2019-05-11,27,,54,12.6
119,수원,2019-05-12,28.8,,49.8,11.1
119,수원,2019-05-13,24.8,0,58.6,1.6
119,수원,2019-05-14,27.2,,63.3,11.6
119,수원,2019-05-15,27.9,,66.6,8.7
119,수원,2019-05-16,30.5,,58.9,11.9
119,수원,2019-05-17,28.4,,58.6,3.1
119,수원,2019-05-18,25,0,60.5,2
119,수원,2019-05-19,21.6,16.5,95.8,0
119,수원,2019-05-20,19.5,2.2,72.5,9.8
119,수원,2019-05-21,24.2,,65.6,13.4
119,수원,2019-05-22,27.4,,57.1,12.8
119,수원,2019-05-23,29.9,,61.1,13.3
119,수원,2019-05-24,32.6,,63,12.5
119,수원,2019-05-25,30.2,,57.3,8.6
119,수원,2019-05-26,31.2,,51.6,11.5
119,수원,2019-05-27,22.9,8,88.4,0
119,수원,2019-05-28,24.6,,53.6,10.7
119,수원,2019-05-29,27.1,,59,13.4
119,수원,2019-05-30,26.8,0,60.1,6.6
119,수원,2019-05-31,24.2,,59.9,12.1
119,수원,2019-06-01,24.6,,71.6,7.1
119,수원,2019-06-02,28.1,,55.4,13
119,수원,2019-06-03,28.8,,55.8,12.2
119,수원,2019-06-04,29.3,,66.6,12.9
119,수원,2019-06-05,29.2,,76.5,8.8
119,수원,2019-06-06,26.3,10.7,83.9,0
119,수원,2019-06-07,24.5,38.7,82,3.7
119,수원,2019-06-08,28.4,,69,10.6
119,수원,2019-06-09,27.1,1.2,74.5,5.6
119,수원,2019-06-10,23.9,10.1,73.6,4.2
119,수원,2019-06-11,26.3,,60.4,11.2
119,수원,2019-06-12,26.2,,73.4,12.8
119,수원,2019-06-13,29.3,,64.3,12.4
119,수원,2019-06-14,28.5,,67.5,5.8
119,수원,2019-06-15,26.8,.3,73,12.1
119,수원,2019-06-16,28.4,,69.8,10.5
119,수원,2019-06-17,26.5,.2,72.1,11.3
119,수원,2019-06-18,25.2,2.2,81.8,1.4
119,수원,2019-06-19,27,.5,82.1,4.3
119,수원,2019-06-20,28.7,,78.3,5.6
119,수원,2019-06-21,27.2,,79.1,5.3
119,수원,2019-06-22,31,,53.5,11.4
119,수원,2019-06-23,30.8,0,50.3,12.7
119,수원,2019-06-24,30.7,,58.5,13.7
119,수원,2019-06-25,32.7,,58.6,13.6
119,수원,2019-06-26,28,.2,67.3,.1
119,수원,2019-06-27,29.7,.1,78.3,1.5
119,수원,2019-06-28,29.8,.7,80,3.1
119,수원,2019-06-29,26,3.9,85.6,1
119,수원,2019-06-30,28,0,84.6,1.5
119,수원,2019-07-01,29,,76.1,9.2
119,수원,2019-07-02,30.2,,75.3,10.1
119,수원,2019-07-03,28.8,0,78,3.5
119,수원,2019-07-04,31.6,,74.5,9.7
119,수원,2019-07-05,35,,62.6,11.2
119,수원,2019-07-06,35.1,,48.6,13.1
119,수원,2019-07-07,31.9,,49.3,7.8
119,수원,2019-07-08,30,0,53.1,9
119,수원,2019-07-09,30.4,,54.4,9.1
119,수원,2019-07-10,26.5,12.1,72.1,1.6
119,수원,2019-07-11,26.8,.1,86.5,.3
119,수원,2019-07-12,28.3,,77.3,8.7
119,수원,2019-07-13,28.1,2.3,84.9,4.3
119,수원,2019-07-14,31.2,,79,9.6
119,수원,2019-07-15,27.2,1.5,88.1,.4
119,수원,2019-07-16,29.5,,81.5,3
119,수원,2019-07-17,30.6,0,78.3,.9
119,수원,2019-07-18,32.3,,71.8,6.9
119,수원,2019-07-19,33.8,.1,72.6,8
119,수원,2019-07-20,32.2,.7,71.5,.7
119,수원,2019-07-21,28,13.6,94.1,.3
119,수원,2019-07-22,31.7,,80.8,0
119,수원,2019-07-23,33.8,,76.9,
119,수원,2019-07-24,27.7,1.1,88.5,0
119,수원,2019-07-25,27.3,14,94.9,.1
119,수원,2019-07-26,28.5,108,94.3,.4
119,수원,2019-07-27,33.2,1,83.9,6.3
119,수원,2019-07-28,28,25.6,89.9,0
119,수원,2019-07-29,31.2,,80.3,3.3
119,수원,2019-07-30,31.5,0,79.4,2.1
119,수원,2019-07-31,28.8,10.8,89.4,.1
119,수원,2019-08-01,31.9,3.8,85.8,6
119,수원,2019-08-02,33.9,,78.3,10.8
119,수원,2019-08-03,35.5,0,74.6,10.6
119,수원,2019-08-04,34,,74.3,9.9
119,수원,2019-08-05,36.2,,69.6,9.1
119,수원,2019-08-06,36.5,,57.1,9.2
119,수원,2019-08-07,32.7,4.7,78.3,5.7
119,수원,2019-08-08,33.2,,74.9,6.1
119,수원,2019-08-09,34.1,,70.9,11.9
119,수원,2019-08-10,36.3,,60.3,10.8
119,수원,2019-08-11,35.3,4.8,49.6,8.6
119,수원,2019-08-12,29,46.7,78.1,.4
119,수원,2019-08-13,34.7,.4,68.9,8.6
119,수원,2019-08-14,35.2,0,61.8,9.8
119,수원,2019-08-15,29.8,29.1,73,.2
119,수원,2019-08-16,29.5,1,75.5,6.1
119,수원,2019-08-17,27.6,6.6,79.3,5
119,수원,2019-08-18,29.7,,68.9,10.7
119,수원,2019-08-19,31.1,,65.5,11.2
119,수원,2019-08-20,31.9,,50.1,10.7
119,수원,2019-08-21,31.3,0,53.9,5.1
119,수원,2019-08-22,30.5,0,67,8
119,수원,2019-08-23,29.6,,71.3,10.6
119,수원,2019-08-24,27.2,0,80.9,2
119,수원,2019-08-25,28.8,,78.5,9.2
119,수원,2019-08-26,31,,74.4,2.1
119,수원,2019-08-27,28.8,5.5,84.6,3.9
119,수원,2019-08-28,29.4,0,82.9,8.3
119,수원,2019-08-29,27.1,15.3,87,4.8
119,수원,2019-08-30,26.8,,78.5,10.4
119,수원,2019-08-31,27.7,0,80,11.1
119,수원,2019-09-01,28.2,,78.6,7
119,수원,2019-09-02,29.2,,74.8,6.2
119,수원,2019-09-03,26.2,0,82,.2
119,수원,2019-09-04,27.4,20.5,93.6,1
119,수원,2019-09-05,27.6,80.6,96.6,1
119,수원,2019-09-06,29.1,.9,88.3,.4
119,수원,2019-09-07,30.4,.4,79.8,.3
119,수원,2019-09-08,27.7,,89.9,.9
119,수원,2019-09-09,27,2.6,91.4,0
119,수원,2019-09-10,29.1,50.3,94.3,1.9
119,수원,2019-09-11,27.4,7.1,84.6,.6
119,수원,2019-09-12,23.4,28.3,83.9,0
119,수원,2019-09-13,28.7,.1,76,10.9
119,수원,2019-09-14,24.1,1.3,89.5,.6
119,수원,2019-09-15,29.4,,83.5,10
119,수원,2019-09-16,29.4,,68.1,10.3
119,수원,2019-09-17,29.4,,58.3,10.5
119,수원,2019-09-18,26.1,,60.6,11.8
119,수원,2019-09-19,25.7,,66.1,11
119,수원,2019-09-20,23.9,,68.6,.3
119,수원,2019-09-21,21.6,0,75.1,0
119,수원,2019-09-22,19.6,9.8,86.5,0
119,수원,2019-09-23,24,,69.1,8
119,수원,2019-09-24,25,,75.6,11.5
119,수원,2019-09-25,26,,83,7.9
119,수원,2019-09-26,26.5,,73.6,6.7
119,수원,2019-09-27,27.1,,68,3.6
119,수원,2019-09-28,28.2,,79.4,9.3
119,수원,2019-09-29,27.9,,81.1,10.9
119,수원,2019-09-30,28.6,,81.6,9.2
119,수원,2019-10-01,27.4,,85.9,4.6
119,수원,2019-10-02,23.8,25.1,94.6,0
119,수원,2019-10-03,27.8,13.2,85.3,5.5
119,수원,2019-10-04,26.9,,87.8,9.8
119,수원,2019-10-05,22,.1,82.4,4.9
119,수원,2019-10-06,22,,68.5,8.6
119,수원,2019-10-07,17.9,25.6,96.6,0
119,수원,2019-10-08,20.6,0,70.8,10.3
119,수원,2019-10-09,19.6,,71.9,10.7
119,수원,2019-10-10,20.2,,79.9,1.4
119,수원,2019-10-11,24.8,,74.8,10.5
119,수원,2019-10-12,23.3,,64.3,10.5
119,수원,2019-10-13,22.9,,71.3,10.4
119,수원,2019-10-14,19.4,,73,8.7
119,수원,2019-10-15,19.6,,76.3,8.9
119,수원,2019-10-16,20,,79.6,8.3
119,수원,2019-10-17,20.6,,79.9,6.3
119,수원,2019-10-18,21.9,,75.4,5.1
119,수원,2019-10-19,22.2,,85.3,9.5
119,수원,2019-10-20,21.7,,88.5,6.2
119,수원,2019-10-21,23.9,,81.5,10.1
119,수원,2019-10-22,23,,78.1,9.9
119,수원,2019-10-23,20,,73.1,0
119,수원,2019-10-24,23.3,,62.6,5.3
119,수원,2019-10-25,21.7,0,71.8,6.7
119,수원,2019-10-26,13.9,,75.5,10
119,수원,2019-10-27,16.8,,76.8,10.1
119,수원,2019-10-28,17.4,2.7,79.6,7.3
119,수원,2019-10-29,18.1,6.4,75.4,8
119,수원,2019-10-30,17.1,,78.9,10
119,수원,2019-10-31,20.4,,86.1,7.9
119,수원,2019-11-01,20,,75.8,9
119,수원,2019-11-02,18.8,,82.3,3.4
119,수원,2019-11-03,20.7,,76.8,7.9
119,수원,2019-11-04,19.2,,76.1,9.9
119,수원,2019-11-05,16.9,,85.4,7.6
119,수원,2019-11-06,16.5,,81.3,8.4
119,수원,2019-11-07,14.1,,62,9.5
119,수원,2019-11-08,13.1,,55.3,9.9
119,수원,2019-11-09,16.9,,68.1,9.8
119,수원,2019-11-10,15.4,16.1,75.4,2.5
119,수원,2019-11-11,15.9,5.8,85.4,6.3
119,수원,2019-11-12,15,,82.1,5.9
119,수원,2019-11-13,12.2,5.7,86.6,0
119,수원,2019-11-14,4.9,,48.3,9.5
119,수원,2019-11-15,10.9,10.1,88.9,2
119,수원,2019-11-16,14.7,,90.8,5.2
119,수원,2019-11-17,12.4,41.6,94,0
119,수원,2019-11-18,13.9,10.6,72.3,6.3
119,수원,2019-11-19,5.4,0,63.4,9
119,수원,2019-11-20,6.5,,59.4,9.5
119,수원,2019-11-21,9.9,,56,4.8
119,수원,2019-11-22,16.7,,54.4,8.8
119,수원,2019-11-23,17.9,0,72.5,7.7
119,수원,2019-11-24,17.9,3.3,88.5,3.1
119,수원,2019-11-25,5.6,,75.5,3.5
119,수원,2019-11-26,13.2,,81.4,8.2
119,수원,2019-11-27,7,,63.3,7.9
119,수원,2019-11-28,10.6,,69.6,9.1
119,수원,2019-11-29,8,,57.8,9.2
119,수원,2019-11-30,10.4,,62.6,5.9
119,수원,2019-12-01,6.8,4.1,86.9,0
119,수원,2019-12-02,4.4,,64.3,8.3
119,수원,2019-12-03,2.7,1.2,93.8,2.3
119,수원,2019-12-04,8.2,2.6,77,7.7
119,수원,2019-12-05,1.3,,53.6,9.2
119,수원,2019-12-06,-.4,,59.4,9.2
119,수원,2019-12-07,2.9,0,76.3,3
119,수원,2019-12-08,5.2,,83.8,9.1
119,수원,2019-12-09,8.4,,73.9,2.6
119,수원,2019-12-10,11.6,1.6,92.6,2.6
119,수원,2019-12-11,9.5,.7,77.4,5.5
119,수원,2019-12-12,4,,60.8,8
119,수원,2019-12-13,6.2,.9,69.8,6.1
119,수원,2019-12-14,6.4,2,74,8.7
119,수원,2019-12-15,11.8,,73.1,7.7
119,수원,2019-12-16,14.3,0,76.5,8
119,수원,2019-12-17,10.5,6.2,91.3,0
119,수원,2019-12-18,4.9,,77.9,8.4
119,수원,2019-12-19,4,,60,8.2
119,수원,2019-12-20,3.1,0,67.3,8.5
119,수원,2019-12-21,3.3,.3,84.5,1.6
119,수원,2019-12-22,8.5,0,77.9,4.6
119,수원,2019-12-23,5.2,3.7,91.1,1.6
119,수원,2019-12-24,6.8,,86.6,8.1
119,수원,2019-12-25,7.3,,79.6,3.6
119,수원,2019-12-26,3.7,1.8,84.5,.5
119,수원,2019-12-27,2.9,,64.6,8.9
119,수원,2019-12-28,6.1,,69,6.7
119,수원,2019-12-29,6.2,.6,76.1,0
119,수원,2019-12-30,7,.5,83.9,0
119,수원,2019-12-31,-3.7,0,60.1,9.2
119,수원,2020-01-01,.3,0,79.3,0
119,수원,2020-01-02,3.2,,83.3,0
119,수원,2020-01-03,5.2,,80.5,8.9
119,수원,2020-01-04,7.6,,76.1,7.4
119,수원,2020-01-05,6.3,,72.4,6.6
119,수원,2020-01-06,4.9,3.9,80.8,0
119,수원,2020-01-07,12.2,50.8,100,0
119,수원,2020-01-08,11.7,4.4,94.9,0
119,수원,2020-01-09,3.1,,81.8,8.3
119,수원,2020-01-10,4.5,,85.4,8.1
119,수원,2020-01-11,4.5,,84.6,7.9
119,수원,2020-01-12,2.4,,77.8,8.3
119,수원,2020-01-13,.6,,73,8.2
119,수원,2020-01-14,3.2,,71.6,8.6
119,수원,2020-01-15,2.3,,72,9.3
119,수원,2020-01-16,4.1,,73,7.6
119,수원,2020-01-17,4.8,,74.1,7.2
119,수원,2020-01-18,5.6,,72.8,8.8
119,수원,2020-01-19,5.9,.4,81,4.4
119,수원,2020-01-20,5.7,0,68.5,7.4
119,수원,2020-01-21,5.4,,61.4,9.3
119,수원,2020-01-22,5.1,0,72.4,.2
119,수원,2020-01-23,10.7,,71.6,8.4
119,수원,2020-01-24,9.2,,85,8.5
119,수원,2020-01-25,9.1,,90.8,2.9
119,수원,2020-01-26,11.9,,74.3,7.4
119,수원,2020-01-27,8.1,1.4,71.5,0
119,수원,2020-01-28,11,.1,70.4,.9
119,수원,2020-01-29,11.4,,68,6.9
119,수원,2020-01-30,10.5,,71.6,6.5
119,수원,2020-01-31,7.5,,89.5,3.8
119,수원,2020-02-01,7.7,,91.3,4.4
119,수원,2020-02-02,5.8,0,79.8,6.8
119,수원,2020-02-03,3,.1,70.8,9.6
119,수원,2020-02-04,5.1,1.1,82,7.6
119,수원,2020-02-05,-2.4,,58.9,10.2
119,수원,2020-02-06,.2,,63.6,9.6
119,수원,2020-02-07,2.8,0,72.8,6.4
119,수원,2020-02-08,4.6,,67.6,9.8
119,수원,2020-02-09,3.9,,76.1,9.8
119,수원,2020-02-10,10.5,,72.5,9.5
119,수원,2020-02-11,14.5,,64,9.7
119,수원,2020-02-12,8.4,10.5,90.4,0
119,수원,2020-02-13,7.6,,98.9,0
119,수원,2020-02-14,13.3,,93.8,8.2
119,수원,2020-02-15,15.3,1.7,85.1,5
119,수원,2020-02-16,5,8,97.8,.6
119,수원,2020-02-17,-3.1,.4,84.3,7.2
119,수원,2020-02-18,1.5,,68.9,10.4
119,수원,2020-02-19,6.3,,80,1.7
119,수원,2020-02-20,11.6,,85.6,9.5
119,수원,2020-02-21,11.9,5.1,88.5,1.4
119,수원,2020-02-22,8,4.5,82.8,7.8
119,수원,2020-02-23,7.8,,76.5,10.4
119,수원,2020-02-24,13.7,,70.6,9.3
119,수원,2020-02-25,8.3,22.6,92.8,0
119,수원,2020-02-26,11.4,,87.5,10
119,수원,2020-02-27,11.6,,80.4,9.9
119,수원,2020-02-28,5.7,5.2,95,0
119,수원,2020-02-29,13,,91.8,6.3
119,수원,2020-03-01,10.2,0,95.1,1.7
119,수원,2020-03-02,6.8,0,76.5,10.3
119,수원,2020-03-03,10.8,,83.3,4.8
119,수원,2020-03-04,5.3,.2,76.8,7.8
119,수원,2020-03-05,5.6,,71.4,10.9
119,수원,2020-03-06,10.4,,69.6,10.6
119,수원,2020-03-07,12.9,,73.1,3.5
119,수원,2020-03-08,17.1,,73.6,10.6
119,수원,2020-03-09,16.6,.2,72.4,5
119,수원,2020-03-10,8.9,7.3,92.1,0
119,수원,2020-03-11,7.3,,67.5,11.3
119,수원,2020-03-12,14.1,,68.6,10.8
119,수원,2020-03-13,9.7,.1,61.6,7.9
119,수원,2020-03-14,8.9,,73,11
119,수원,2020-03-15,9.4,,68.3,8.8
119,수원,2020-03-16,9.5,,69.6,11.4
119,수원,2020-03-17,12.8,,83.9,4.7
119,수원,2020-03-18,17.8,,63.5,11.1
119,수원,2020-03-19,13.5,,71.5,8.2
119,수원,2020-03-20,14.7,,60.6,11
119,수원,2020-03-21,20.4,,75.5,5.7
119,수원,2020-03-22,17.2,,61.9,11.6
119,수원,2020-03-23,16.7,,68.6,11.4
119,수원,2020-03-24,17.6,,67.8,11.3
119,수원,2020-03-25,19.9,,64,9.5
119,수원,2020-03-26,20.9,4.1,79.9,1.8
119,수원,2020-03-27,13.9,7.6,77.5,5.9
119,수원,2020-03-28,12.8,,40,8.4
119,수원,2020-03-29,15.8,,62.6,11
119,수원,2020-03-30,15.8,,68.8,11.8
119,수원,2020-03-31,18,,69,9.8
119,수원,2020-04-01,17.6,,58.4,8.4
119,수원,2020-04-02,15.4,,68.8,10.2
119,수원,2020-04-03,15.6,,74.4,10.3
119,수원,2020-04-04,13.7,,54.9,10.7
119,수원,2020-04-05,11.8,,52,12.1
119,수원,2020-04-06,15.7,,71.4,11.2
119,수원,2020-04-07,17.4,,78.4,10.1
119,수원,2020-04-08,13.9,,54.9,12.2
119,수원,2020-04-09,14,,67.8,11.7
119,수원,2020-04-10,16,,75,10.2
119,수원,2020-04-11,14.8,,81.9,10.4
119,수원,2020-04-12,15.5,,70.1,10.2
119,수원,2020-04-13,19.5,,59.1,11.5
119,수원,2020-04-14,18.8,,61.5,12.1
119,수원,2020-04-15,19.6,,61,10.6
119,수원,2020-04-16,23.5,,63.5,10.9
119,수원,2020-04-17,17,4.1,90.8,1.5
119,수원,2020-04-18,18.1,,82.6,12.1
119,수원,2020-04-19,15.5,11.5,90.1,.7
119,수원,2020-04-20,14.6,.2,89,2.9
119,수원,2020-04-21,10.6,,63.6,11.4
119,수원,2020-04-22,9.1,0,59.1,8.5
119,수원,2020-04-23,12.8,,64.3,11.9
119,수원,2020-04-24,15.4,,68.9,12.1
119,수원,2020-04-25,18.4,,70.4,11
119,수원,2020-04-26,18.4,,66,12.4
119,수원,2020-04-27,18.1,,69.9,12
119,수원,2020-04-28,21,,68.9,12.4
119,수원,2020-04-29,21.8,,65,12.3
119,수원,2020-04-30,23.8,,78.3,11.5
119,수원,2020-05-01,27,,88.3,8
119,수원,2020-05-02,25.3,.1,91.1,2.3
119,수원,2020-05-03,26,.6,85.8,7.1
119,수원,2020-05-04,23.7,,81.5,11
119,수원,2020-05-05,20.3,2.5,90.5,2.2
119,수원,2020-05-06,26.8,,69.8,12.6
119,수원,2020-05-07,25.9,,41.8,9.8
119,수원,2020-05-08,25,3.1,47.4,8.4
119,수원,2020-05-09,17.3,23.2,99.9,0
119,수원,2020-05-10,17.1,.5,97.9,.7
119,수원,2020-05-11,22.4,1.2,76.5,7.4
119,수원,2020-05-12,18.7,1,84.1,9.6
119,수원,2020-05-13,22,,59.8,12.8
119,수원,2020-05-14,26.3,,45.8,8
119,수원,2020-05-15,21.3,12.6,92.8,0
119,수원,2020-05-16,19.1,1.2,96.9,0
119,수원,2020-05-17,25.7,.1,87.9,5.6
119,수원,2020-05-18,27.7,36.7,89,5.4
119,수원,2020-05-19,18.3,3.9,82.9,3.4
119,수원,2020-05-20,19.9,,72.3,5.5
119,수원,2020-05-21,22.1,,67.4,8.5
119,수원,2020-05-22,23,0,81.6,2.2
119,수원,2020-05-23,25.4,,77.5,10.5
119,수원,2020-05-24,19.6,9.9,93.1,4.9
119,수원,2020-05-25,20,0,92.8,1.8
119,수원,2020-05-26,23.6,.1,85.1,5.4
119,수원,2020-05-27,24.1,,77,13.1
119,수원,2020-05-28,23.8,,73.9,10.6
119,수원,2020-05-29,27.4,,74.1,11.6
119,수원,2020-05-30,29.7,,64.8,13
119,수원,2020-05-31,27.6,1.2,71.8,7
119,수원,2020-06-01,24,.2,74.3,11.8
119,수원,2020-06-02,23.3,1.1,76,1.5
119,수원,2020-06-03,28,.1,82.1,8.4
119,수원,2020-06-04,27.4,.4,86.5,5.6
119,수원,2020-06-05,27.9,0,82.1,7.5
119,수원,2020-06-06,30.7,,72,9.7
119,수원,2020-06-07,28.4,,81.6,8.2
119,수원,2020-06-08,31.5,,71.3,11.3
119,수원,2020-06-09,32.7,,59,12.8
119,수원,2020-06-10,32.5,10.8,69.1,8.7
119,수원,2020-06-11,31,0,78.3,11.6
119,수원,2020-06-12,27.6,0,83,.5
119,수원,2020-06-13,32.4,.1,74,10.7
119,수원,2020-06-14,28,1.1,80.5,7.7
119,수원,2020-06-15,27.9,,69.5,11.1
119,수원,2020-06-16,29.5,,70.6,8.8
119,수원,2020-06-17,29.1,,74,7.7
119,수원,2020-06-18,26.3,0,75.9,.9
119,수원,2020-06-19,29.1,.4,72.3,7
119,수원,2020-06-20,29.3,,75.5,12.8
119,수원,2020-06-21,31.9,,73.8,12.7
119,수원,2020-06-22,34,,66,12.6
119,수원,2020-06-23,30.2,0,65,5.2
119,수원,2020-06-24,26.4,14.1,85.1,0
119,수원,2020-06-25,23.6,4.4,94.3,0
119,수원,2020-06-26,25.8,2.1,85.8,7.5
119,수원,2020-06-27,29.3,0,77.3,7.9
119,수원,2020-06-28,28.7,,82,11.4
119,수원,2020-06-29,26.8,29.5,84.3,2.2
119,수원,2020-06-30,23,26.8,89.1,0
119,수원,2020-07-01,24.6,.5,86.6,.5
119,수원,2020-07-02,29.5,.6,80,7.7
119,수원,2020-07-03,29,.5,73.5,8.3
119,수원,2020-07-04,28.2,1,79.3,8.8
119,수원,2020-07-05,28.1,,78.9,9
119,수원,2020-07-06,30.5,,76.5,7.5
119,수원,2020-07-07,27.9,,83.4,4.4
119,수원,2020-07-08,29.6,,84.9,9.3
119,수원,2020-07-09,33,,71,10.1
119,수원,2020-07-10,29.1,.8,73.4,6
119,수원,2020-07-11,30.6,,67.1,7.1
119,수원,2020-07-12,25.6,4.8,79.9,0
119,수원,2020-07-13,20.8,47.2,96.6,0
119,수원,2020-07-14,23.9,16.2,80.5,0
119,수원,2020-07-15,27.9,.2,76,9.8
119,수원,2020-07-16,29,,78.6,11.8
119,수원,2020-07-17,29.8,,83.8,9.4
119,수원,2020-07-18,30,,78,8.1
119,수원,2020-07-19,28.1,35.6,83.3,.1
119,수원,2020-07-20,27.8,1.8,90.8,0
119,수원,2020-07-21,29.9,,82,7.7
119,수원,2020-07-22,23.7,92.9,96.5,0
119,수원,2020-07-23,23.1,90.1,96.9,0
119,수원,2020-07-24,27.2,1.4,74,.9
119,수원,2020-07-25,29.4,,70.1,4.7
119,수원,2020-07-26,29.2,0,77.8,4.8
119,수원,2020-07-27,27.1,1.9,91,.3
119,수원,2020-07-28,25.7,1.9,91.3,.3
119,수원,2020-07-29,27.8,87,97.9,.2
119,수원,2020-07-30,28.3,.2,94,2.9
119,수원,2020-07-31,30,.1,92.3,2.6
119,수원,2020-08-01,29.2,28.7,91.4,.3
119,수원,2020-08-02,28.1,86.7,97.6,0
119,수원,2020-08-03,26.8,96.9,97,0
119,수원,2020-08-04,30.4,.2,89.8,.5
119,수원,2020-08-05,29.1,20.5,92.6,.7
119,수원,2020-08-06,26.2,131.5,95.5,1.7
119,수원,2020-08-07,25.9,.2,90.8,0
119,수원,2020-08-08,25,12.3,96,0
119,수원,2020-08-09,27.7,134.2,96,0
119,수원,2020-08-10,30.5,22.3,93,2
119,수원,2020-08-11,28.3,16.2,95,.6
119,수원,2020-08-12,30.9,0,91.1,1
119,수원,2020-08-13,32.1,0,87.1,1.6
119,수원,2020-08-14,29.9,0,88.9,1.3
119,수원,2020-08-15,29.3,46.6,95.6,1.2
119,수원,2020-08-16,31.6,,86.6,5.8
119,수원,2020-08-17,32.8,,83.4,8.4
119,수원,2020-08-18,32.2,,84.4,8.4
119,수원,2020-08-19,32.1,,84.6,10.7
119,수원,2020-08-20,33,,81.5,9.8
119,수원,2020-08-21,31.4,0,83.8,6.6
119,수원,2020-08-22,29.4,30.2,91.6,.8
119,수원,2020-08-23,30.4,,83.1,9.1
119,수원,2020-08-24,32,,78.3,11.5
119,수원,2020-08-25,34.9,0,75.1,10.5
119,수원,2020-08-26,34.2,1,70.6,7.9
119,수원,2020-08-27,30,10.9,84.3,1.4
119,수원,2020-08-28,30.9,2.3,90.9,4.3
119,수원,2020-08-29,28.9,18.3,95.9,2.5
119,수원,2020-08-30,30.9,.1,91.4,4.7
119,수원,2020-08-31,30.8,.2,77.6,2.9
119,수원,2020-09-01,29.7,.4,79.1,1.2
119,수원,2020-09-02,26,17.9,96.9,0
119,수원,2020-09-03,26.3,31.5,84.6,6.2
119,수원,2020-09-04,27.4,,75,11.9
119,수원,2020-09-05,27.5,0,72.3,3.7
119,수원,2020-09-06,25,9.4,82.9,0
119,수원,2020-09-07,22.4,59.9,95.4,0
119,수원,2020-09-08,26.9,,78.1,10.1
119,수원,2020-09-09,25.3,10.8,92.3,2
119,수원,2020-09-10,27.6,0,86.1,6.8
119,수원,2020-09-11,26.3,6.3,81.4,3.7
119,수원,2020-09-12,22.1,8.3,90.1,0
119,수원,2020-09-13,26.6,,74.4,10.5
119,수원,2020-09-14,26,,86.5,10.3
119,수원,2020-09-15,27.4,,83.5,7.2
119,수원,2020-09-16,25.4,0,89.9,1
119,수원,2020-09-17,24,,82,.4
119,수원,2020-09-18,26,,75.4,10.9
119,수원,2020-09-19,26.3,10.2,75.8,8.4
119,수원,2020-09-20,24.9,,71.9,11.7
119,수원,2020-09-21,24.6,,74,10.2
119,수원,2020-09-22,25.1,,63,9.5
119,수원,2020-09-23,23.5,,62.9,6
119,수원,2020-09-24,25.7,,61.4,8.7
119,수원,2020-09-25,25.5,,66.4,7.8
119,수원,2020-09-26,24.9,,63.1,9.8
119,수원,2020-09-27,26,,70,10.8
119,수원,2020-09-28,26,,76.5,11.2
119,수원,2020-09-29,24.4,,76.5,6.8
119,수원,2020-09-30,24.9,8.7,87.8,5.8
119,수원,2020-10-01,24.3,,82.1,5.7
119,수원,2020-10-02,23.8,0,84.3,5.7
119,수원,2020-10-03,23.8,21.9,81,3.4
119,수원,2020-10-04,22,0,71,4.9
119,수원,2020-10-05,18.3,,61.3,9.4
119,수원,2020-10-06,19.8,,65.6,10.6
119,수원,2020-10-07,21.7,,60.8,8.2
119,수원,2020-10-08,23.4,,57.6,10.8
119,수원,2020-10-09,23.5,,58.9,10.5
119,수원,2020-10-10,21.5,,66.9,8.2
119,수원,2020-10-11,20.6,,77.5,4.7
119,수원,2020-10-12,21.2,,80.3,8.2
119,수원,2020-10-13,18.2,,64.5,7.8
119,수원,2020-10-14,19.5,,56.1,6.9
119,수원,2020-10-15,18.4,,54.5,6.9
119,수원,2020-10-16,16.1,,73.1,0
119,수원,2020-10-17,18.6,.3,75,10.3
119,수원,2020-10-18,19.5,,78.9,9.9
119,수원,2020-10-19,21,,82.6,9.5
119,수원,2020-10-20,21.6,,77.6,9.7
119,수원,2020-10-21,17.3,,78.8,0
119,수원,2020-10-22,18.8,,71,6.2
119,수원,2020-10-23,12.9,,55.6,10.3
119,수원,2020-10-24,14.1,,55.9,10.3
119,수원,2020-10-25,18,,73.8,9
119,수원,2020-10-26,18.9,,79.6,9
119,수원,2020-10-27,19.5,,83,8.5
119,수원,2020-10-28,19,,61.1,9.5
119,수원,2020-10-29,16.4,,56.9,9.3
119,수원,2020-10-30,19,,60.4,9.8
119,수원,2020-10-31,18.6,,66.9,7.8
119,수원,2020-11-01,13.8,3.4,91.5,0
119,수원,2020-11-02,16.2,.3,69.4,9.6
119,수원,2020-11-03,9,1.4,52.1,9.8
119,수원,2020-11-04,10.7,,48.9,10
119,수원,2020-11-05,15.5,,69,7.6
119,수원,2020-11-06,16.8,,62.5,.3
119,수원,2020-11-07,17.5,,74.6,7
119,수원,2020-11-08,12.4,,50,9.7
119,수원,2020-11-09,9.8,0,44.6,6.8
119,수원,2020-11-10,13.3,,66.5,9.8
119,수원,2020-11-11,16.4,,73.4,9.5
119,수원,2020-11-12,17.8,,68.9,9.5
119,수원,2020-11-13,17,,80.1,5.2
119,수원,2020-11-14,18.8,,77.8,7.7
119,수원,2020-11-15,16.7,,85.8,8.8
119,수원,2020-11-16,17.9,,77.9,7.8
119,수원,2020-11-17,19.9,.4,70,2.3
119,수원,2020-11-18,19.7,5.1,91.3,0
119,수원,2020-11-19,20.7,43.3,90.4,0
119,수원,2020-11-20,7.8,0,79.1,0
119,수원,2020-11-21,12.7,0,72.3,7.5
119,수원,2020-11-22,9.2,2.9,82.4,.2
119,수원,2020-11-23,5.8,,64.5,9.3
119,수원,2020-11-24,8.4,,58.9,5.1
119,수원,2020-11-25,10.4,,70.9,9
119,수원,2020-11-26,11,,72.6,6.1
119,수원,2020-11-27,7.5,,65.6,6.4
119,수원,2020-11-28,3.7,,56.1,8.3
119,수원,2020-11-29,2.8,0,73.6,1.2
119,수원,2020-11-30,4.7,,67.4,9.2
119,수원,2020-12-01,6.5,,48.9,8.3
119,수원,2020-12-02,8,,44.1,5.1
119,수원,2020-12-03,5,,50.5,9
119,수원,2020-12-04,5.2,,60.9,9.2
119,수원,2020-12-05,7,,73.9,5
119,수원,2020-12-06,9,,78.6,4.6
119,수원,2020-12-07,7.5,,63.8,5.7
119,수원,2020-12-08,4.5,,58.4,8.9
119,수원,2020-12-09,5.8,,63.6,6
119,수원,2020-12-10,9.5,0,70.9,1.5
119,수원,2020-12-11,9.8,,82.1,5.5
119,수원,2020-12-12,6.8,,56.4,8.5
119,수원,2020-12-13,2.2,2.4,76.6,.9
119,수원,2020-12-14,-4.3,,50.3,9
119,수원,2020-12-15,-3.6,,44.6,9
119,수원,2020-12-16,-3.1,,43.6,9
119,수원,2020-12-17,.7,0,56,9
119,수원,2020-12-18,2.4,1.1,65.8,6.7
119,수원,2020-12-19,-1,,47.4,9
119,수원,2020-12-20,1.6,,59,9
119,수원,2020-12-21,4.1,,73.1,6.9
119,수원,2020-12-22,6.5,.7,75.9,6.8
119,수원,2020-12-23,9.2,,84.1,2.7
119,수원,2020-12-24,6.5,.2,70.9,8.5
119,수원,2020-12-25,3.8,,63.8,9
119,수원,2020-12-26,8.5,0,74,7.7
119,수원,2020-12-27,9.1,0,73.1,5.4
119,수원,2020-12-28,11.4,0,81.3,7.8
119,수원,2020-12-29,4.2,.2,82.3,0
119,수원,2020-12-30,-5.4,,56.8,9
119,수원,2020-12-31,-4.4,0,65.8,5.5
119,수원,2021-01-01,0,0,83.3,4.8
119,수원,2021-01-02,-.8,,47.8,8.9
119,수원,2021-01-03,-.4,,57.1,5.4
119,수원,2021-01-04,.6,0,68,3
119,수원,2021-01-05,-.8,0,56.9,9
119,수원,2021-01-06,-1.9,5.7,61.8,9.1
119,수원,2021-01-07,-8.3,,54.3,9.4
119,수원,2021-01-08,-10.7,,51.5,9.3
119,수원,2021-01-09,-7.7,,60.1,9.3
119,수원,2021-01-10,-2.7,0,68,7.8
119,수원,2021-01-11,-3.6,,77.5,.1
119,수원,2021-01-12,.7,1.5,88.1,4.5
119,수원,2021-01-13,8.7,,87.8,7
119,수원,2021-01-14,7.6,,54,8.3
119,수원,2021-01-15,11.3,0,74.3,.9
119,수원,2021-01-16,-.7,,67.9,7.8
119,수원,2021-01-17,-1.4,1.1,65.4,7.3
119,수원,2021-01-18,1.6,.3,75.5,3.5
119,수원,2021-01-19,-.5,,52.1,9.3
119,수원,2021-01-20,7.4,,46.6,9.1
119,수원,2021-01-21,8.3,9.1,73.9,.4
119,수원,2021-01-22,7.5,0,97.3,0
119,수원,2021-01-23,12.1,,71.9,5.2
119,수원,2021-01-24,13.1,,67.8,8.6
119,수원,2021-01-25,14.2,,70.6,8
119,수원,2021-01-26,6.6,4.1,92.3,0
