瘤痢,瘤痢疙,老矫,老 固技刚瘤 丑档(Ф/З)
192,柳林,2016-02-01,22
192,柳林,2016-02-02,22
192,柳林,2016-02-03,33
192,柳林,2016-02-04,35
192,柳林,2016-02-05,29
192,柳林,2016-02-06,25
192,柳林,2016-02-07,30
192,柳林,2016-02-08,38
192,柳林,2016-02-09,37
192,柳林,2016-02-10,26
192,柳林,2016-02-11,27
192,柳林,2016-02-12,14
192,柳林,2016-02-14,12
192,柳林,2016-02-15,17
192,柳林,2016-02-16,29
192,柳林,2016-02-17,23
192,柳林,2016-02-18,28
192,柳林,2016-02-19,38
192,柳林,2016-02-20,57
192,柳林,2016-02-21,22
192,柳林,2016-02-22,24
192,柳林,2016-02-23,56
192,柳林,2016-02-24,17
192,柳林,2016-02-25,26
192,柳林,2016-02-26,60
192,柳林,2016-02-27,77
192,柳林,2016-02-28,64
192,柳林,2016-02-29,23
192,柳林,2016-03-01,29
192,柳林,2016-03-02,27
192,柳林,2016-03-03,25
192,柳林,2016-03-04,18
192,柳林,2016-03-05,21
192,柳林,2016-03-06,36
192,柳林,2016-03-07,53
192,柳林,2016-03-08,43
192,柳林,2016-03-09,25
192,柳林,2016-03-10,22
192,柳林,2016-03-11,24
192,柳林,2016-03-12,44
192,柳林,2016-03-13,50
192,柳林,2016-03-14,54
192,柳林,2016-03-15,48
192,柳林,2016-03-16,46
192,柳林,2016-03-17,39
192,柳林,2016-03-18,16
192,柳林,2016-03-19,35
192,柳林,2016-03-20,40
192,柳林,2016-03-21,31
192,柳林,2016-03-22,33
192,柳林,2016-03-23,41
192,柳林,2016-03-24,24
192,柳林,2016-03-25,19
192,柳林,2016-03-26,28
192,柳林,2016-03-27,40
192,柳林,2016-03-28,46
192,柳林,2016-03-29,51
192,柳林,2016-03-30,52
192,柳林,2016-03-31,64
192,柳林,2016-04-01,66
192,柳林,2016-04-02,52
192,柳林,2016-04-03,28
192,柳林,2016-04-05,24
192,柳林,2016-04-06,36
192,柳林,2016-04-07,12
192,柳林,2016-04-08,28
192,柳林,2016-04-09,95
192,柳林,2016-04-10,101
192,柳林,2016-04-11,43
192,柳林,2016-04-12,31
192,柳林,2016-04-13,14
192,柳林,2016-04-14,48
192,柳林,2016-04-15,36
192,柳林,2016-04-16,32
192,柳林,2016-04-17,29
192,柳林,2016-04-18,36
192,柳林,2016-04-19,35
192,柳林,2016-04-20,30
192,柳林,2016-04-21,15
192,柳林,2016-04-22,34
192,柳林,2016-04-23,166
192,柳林,2016-04-24,133
192,柳林,2016-04-25,86
192,柳林,2016-04-26,48
192,柳林,2016-04-28,22
192,柳林,2016-04-29,37
192,柳林,2016-04-30,45
192,柳林,2016-05-01,41
192,柳林,2016-05-02,32
192,柳林,2016-05-03,19
192,柳林,2016-05-04,47
192,柳林,2016-05-05,31
192,柳林,2016-05-06,24
192,柳林,2016-05-07,127
192,柳林,2016-05-08,54
192,柳林,2016-05-09,37
192,柳林,2016-05-10,25
192,柳林,2016-05-11,15
192,柳林,2016-05-12,20
192,柳林,2016-05-13,26
192,柳林,2016-05-14,28
192,柳林,2016-05-15,26
192,柳林,2016-05-18,41
192,柳林,2016-05-19,42
192,柳林,2016-05-20,32
192,柳林,2016-05-21,34
192,柳林,2016-05-22,41
192,柳林,2016-05-23,42
192,柳林,2016-05-24,18
192,柳林,2016-05-25,46
192,柳林,2016-05-26,58
192,柳林,2016-05-27,63
192,柳林,2016-05-28,64
192,柳林,2016-05-29,50
192,柳林,2016-05-30,48
192,柳林,2016-05-31,56
192,柳林,2016-06-01,49
192,柳林,2016-06-02,24
192,柳林,2016-06-03,34
192,柳林,2016-06-04,26
192,柳林,2016-06-05,23
192,柳林,2016-06-06,16
192,柳林,2016-06-07,24
192,柳林,2016-06-09,38
192,柳林,2016-06-10,46
192,柳林,2016-06-11,34
192,柳林,2016-06-12,33
192,柳林,2016-06-13,32
192,柳林,2016-06-14,28
192,柳林,2016-06-15,24
192,柳林,2016-06-16,21
192,柳林,2016-06-17,23
192,柳林,2016-06-18,30
192,柳林,2016-06-19,28
192,柳林,2016-06-20,35
192,柳林,2016-06-21,32
192,柳林,2016-06-22,26
192,柳林,2016-06-23,21
192,柳林,2016-06-24,15
192,柳林,2016-06-25,21
192,柳林,2016-06-26,27
192,柳林,2016-06-27,32
192,柳林,2016-06-28,32
192,柳林,2016-06-29,22
192,柳林,2016-06-30,21
192,柳林,2016-07-01,12
192,柳林,2016-07-02,15
192,柳林,2016-07-03,16
192,柳林,2016-07-04,14
192,柳林,2016-07-05,12
192,柳林,2016-07-06,13
192,柳林,2016-07-07,20
192,柳林,2016-07-08,18
192,柳林,2016-07-09,23
192,柳林,2016-07-10,33
192,柳林,2016-07-11,32
192,柳林,2016-07-12,16
192,柳林,2016-07-13,23
192,柳林,2016-07-14,27
192,柳林,2016-07-15,19
192,柳林,2016-07-16,14
192,柳林,2016-07-18,20
192,柳林,2016-07-19,29
192,柳林,2016-07-20,20
192,柳林,2016-07-21,22
192,柳林,2016-07-22,24
192,柳林,2016-07-23,21
192,柳林,2016-07-24,27
192,柳林,2016-07-25,24
192,柳林,2016-07-26,20
192,柳林,2016-07-27,17
192,柳林,2016-07-28,27
192,柳林,2016-07-29,28
192,柳林,2016-07-30,24
192,柳林,2016-07-31,19
192,柳林,2016-08-01,21
192,柳林,2016-08-02,23
192,柳林,2016-08-03,23
192,柳林,2016-08-04,27
192,柳林,2016-08-05,23
192,柳林,2016-08-06,26
192,柳林,2016-08-07,29
192,柳林,2016-08-08,27
192,柳林,2016-08-09,28
192,柳林,2016-08-10,31
192,柳林,2016-08-11,43
192,柳林,2016-08-12,47
192,柳林,2016-08-13,37
192,柳林,2016-08-14,35
192,柳林,2016-08-15,32
192,柳林,2016-08-16,30
192,柳林,2016-08-17,32
192,柳林,2016-08-18,26
192,柳林,2016-08-19,24
192,柳林,2016-08-20,22
192,柳林,2016-08-21,18
192,柳林,2016-08-22,20
192,柳林,2016-08-23,18
192,柳林,2016-08-24,17
192,柳林,2016-08-25,21
192,柳林,2016-08-26,21
192,柳林,2016-08-27,14
192,柳林,2016-08-29,12
192,柳林,2016-08-30,17
192,柳林,2016-09-01,40
192,柳林,2016-09-02,8
192,柳林,2016-09-04,16
192,柳林,2016-09-05,19
192,柳林,2016-09-06,31
192,柳林,2016-09-07,40
192,柳林,2016-09-08,34
192,柳林,2016-09-09,41
192,柳林,2016-09-10,37
192,柳林,2016-09-11,25
192,柳林,2016-09-12,19
192,柳林,2016-09-13,19
192,柳林,2016-09-14,22
192,柳林,2016-09-15,22
192,柳林,2016-09-16,26
192,柳林,2016-09-18,6
192,柳林,2016-09-19,12
192,柳林,2016-09-20,13
192,柳林,2016-09-21,25
192,柳林,2016-09-22,29
192,柳林,2016-09-23,24
192,柳林,2016-09-24,22
192,柳林,2016-09-25,22
192,柳林,2016-09-26,27
192,柳林,2016-09-27,23
192,柳林,2016-09-28,20
192,柳林,2016-09-29,13
192,柳林,2016-09-30,10
192,柳林,2016-10-01,17
192,柳林,2016-10-02,19
192,柳林,2016-10-03,17
192,柳林,2016-10-04,22
192,柳林,2016-10-06,18
192,柳林,2016-10-07,21
192,柳林,2016-10-08,12
192,柳林,2016-10-09,12
192,柳林,2016-10-10,17
192,柳林,2016-10-11,16
192,柳林,2016-10-12,33
192,柳林,2016-10-13,34
192,柳林,2016-10-14,36
192,柳林,2016-10-15,48
192,柳林,2016-10-16,26
192,柳林,2016-10-17,11
192,柳林,2016-10-18,24
192,柳林,2016-10-19,31
192,柳林,2016-10-22,22
192,柳林,2016-10-23,15
192,柳林,2016-10-24,19
192,柳林,2016-10-25,16
192,柳林,2016-10-26,17
192,柳林,2016-10-27,26
192,柳林,2016-10-28,11
192,柳林,2016-10-29,25
192,柳林,2016-10-30,19
192,柳林,2016-10-31,18
192,柳林,2016-11-01,13
192,柳林,2016-11-02,18
192,柳林,2016-11-03,35
192,柳林,2016-11-04,39
192,柳林,2016-11-05,35
192,柳林,2016-11-06,27
192,柳林,2016-11-07,32
192,柳林,2016-11-08,27
192,柳林,2016-11-09,26
192,柳林,2016-11-10,24
192,柳林,2016-11-11,24
192,柳林,2016-11-12,45
192,柳林,2016-11-13,40
192,柳林,2016-11-14,22
192,柳林,2016-11-15,23
192,柳林,2016-11-16,24
192,柳林,2016-11-17,50
192,柳林,2016-11-18,49
192,柳林,2016-11-19,31
192,柳林,2016-11-20,18
192,柳林,2016-11-21,30
192,柳林,2016-11-22,23
192,柳林,2016-11-23,14
192,柳林,2016-11-24,13
192,柳林,2016-11-25,24
192,柳林,2016-11-26,28
192,柳林,2016-11-27,27
192,柳林,2016-11-28,44
192,柳林,2016-11-29,24
192,柳林,2016-11-30,21
192,柳林,2016-12-01,27
192,柳林,2016-12-02,21
192,柳林,2016-12-03,26
192,柳林,2016-12-04,25
192,柳林,2016-12-05,49
192,柳林,2016-12-06,18
192,柳林,2016-12-07,25
192,柳林,2016-12-08,39
192,柳林,2016-12-09,34
192,柳林,2016-12-10,18
192,柳林,2016-12-11,18
192,柳林,2016-12-12,27
192,柳林,2016-12-13,24
192,柳林,2016-12-14,21
192,柳林,2016-12-15,23
192,柳林,2016-12-16,14
192,柳林,2016-12-17,27
192,柳林,2016-12-18,28
192,柳林,2016-12-19,21
192,柳林,2016-12-20,24
192,柳林,2016-12-21,21
192,柳林,2016-12-22,11
192,柳林,2016-12-23,12
192,柳林,2016-12-24,25
192,柳林,2016-12-25,33
192,柳林,2016-12-26,17
192,柳林,2016-12-27,15
192,柳林,2016-12-28,17
192,柳林,2016-12-29,19
192,柳林,2016-12-30,17
192,柳林,2016-12-31,27
192,柳林,2017-01-01,36
192,柳林,2017-01-02,40
192,柳林,2017-01-03,33
192,柳林,2017-01-04,52
192,柳林,2017-01-05,49
192,柳林,2017-01-06,23
192,柳林,2017-01-07,29
192,柳林,2017-01-08,14
192,柳林,2017-01-09,24
192,柳林,2017-01-10,19
192,柳林,2017-01-11,15
192,柳林,2017-01-12,34
192,柳林,2017-01-13,23
192,柳林,2017-01-14,17
192,柳林,2017-01-15,22
192,柳林,2017-01-16,20
192,柳林,2017-01-17,28
192,柳林,2017-01-18,51
192,柳林,2017-01-19,62
192,柳林,2017-01-20,32
192,柳林,2017-01-21,19
192,柳林,2017-01-22,20
192,柳林,2017-01-23,18
192,柳林,2017-01-24,15
192,柳林,2017-01-25,24
192,柳林,2017-01-26,27
192,柳林,2017-01-27,26
192,柳林,2017-01-28,26
192,柳林,2017-01-29,21
192,柳林,2017-01-30,23
192,柳林,2017-01-31,22
192,柳林,2017-02-01,19
192,柳林,2017-02-02,17
192,柳林,2017-02-03,28
192,柳林,2017-02-04,32
192,柳林,2017-02-05,15
192,柳林,2017-02-06,21
192,柳林,2017-02-07,27
192,柳林,2017-02-08,24
192,柳林,2017-02-09,15
192,柳林,2017-02-10,17
192,柳林,2017-02-11,15
192,柳林,2017-02-12,18
192,柳林,2017-02-13,33
192,柳林,2017-02-14,39
192,柳林,2017-02-15,41
192,柳林,2017-02-16,32
192,柳林,2017-02-17,26
192,柳林,2017-02-18,11
192,柳林,2017-02-19,32
192,柳林,2017-02-20,29
192,柳林,2017-02-21,30
192,柳林,2017-02-22,18
192,柳林,2017-02-23,16
192,柳林,2017-02-25,28
192,柳林,2017-02-26,22
192,柳林,2017-02-27,29
192,柳林,2017-02-28,29
192,柳林,2017-03-01,32
192,柳林,2017-03-02,16
192,柳林,2017-03-03,21
192,柳林,2017-03-04,26
192,柳林,2017-03-05,26
192,柳林,2017-03-06,23
192,柳林,2017-03-07,15
192,柳林,2017-03-08,24
192,柳林,2017-03-09,33
192,柳林,2017-03-10,28
192,柳林,2017-03-11,31
192,柳林,2017-03-12,36
192,柳林,2017-03-13,34
192,柳林,2017-03-14,33
192,柳林,2017-03-15,30
192,柳林,2017-03-16,29
192,柳林,2017-03-17,32
192,柳林,2017-03-18,40
192,柳林,2017-03-19,45
192,柳林,2017-03-20,43
192,柳林,2017-03-21,24
192,柳林,2017-03-22,47
192,柳林,2017-03-23,40
192,柳林,2017-03-24,39
192,柳林,2017-03-25,14
192,柳林,2017-03-26,21
192,柳林,2017-03-27,31
192,柳林,2017-03-28,30
192,柳林,2017-03-29,22
192,柳林,2017-03-30,25
192,柳林,2017-03-31,28
192,柳林,2017-04-01,22
192,柳林,2017-04-02,25
192,柳林,2017-04-03,31
192,柳林,2017-04-04,38
192,柳林,2017-04-05,24
192,柳林,2017-04-06,17
192,柳林,2017-04-07,21
192,柳林,2017-04-08,29
192,柳林,2017-04-09,34
192,柳林,2017-04-10,22
192,柳林,2017-04-11,16
192,柳林,2017-04-12,55
192,柳林,2017-04-13,46
192,柳林,2017-04-14,34
192,柳林,2017-04-15,32
192,柳林,2017-04-16,29
192,柳林,2017-04-17,17
192,柳林,2017-04-18,38
192,柳林,2017-04-19,62
192,柳林,2017-04-20,39
192,柳林,2017-04-21,36
192,柳林,2017-04-22,37
192,柳林,2017-04-23,35
192,柳林,2017-04-24,32
192,柳林,2017-04-25,32
192,柳林,2017-04-26,20
192,柳林,2017-04-27,24
192,柳林,2017-04-28,37
192,柳林,2017-04-29,48
192,柳林,2017-04-30,55
192,柳林,2017-05-01,50
192,柳林,2017-05-02,30
192,柳林,2017-05-03,31
192,柳林,2017-05-04,31
192,柳林,2017-05-05,19
192,柳林,2017-05-06,104
192,柳林,2017-05-07,88
192,柳林,2017-05-08,101
192,柳林,2017-05-09,33
192,柳林,2017-05-10,18
192,柳林,2017-05-11,41
192,柳林,2017-05-12,31
192,柳林,2017-05-13,25
192,柳林,2017-05-14,30
192,柳林,2017-05-15,24
192,柳林,2017-05-16,18
192,柳林,2017-05-17,23
192,柳林,2017-05-18,34
192,柳林,2017-05-19,34
192,柳林,2017-05-20,28
192,柳林,2017-05-21,28
192,柳林,2017-05-22,27
192,柳林,2017-05-23,25
192,柳林,2017-05-24,25
192,柳林,2017-05-25,24
192,柳林,2017-05-26,17
192,柳林,2017-05-27,22
192,柳林,2017-05-28,27
192,柳林,2017-05-29,43
192,柳林,2017-05-30,43
192,柳林,2017-05-31,35
192,柳林,2017-06-01,34
192,柳林,2017-06-02,25
192,柳林,2017-06-03,19
192,柳林,2017-06-04,21
192,柳林,2017-06-06,15
192,柳林,2017-06-07,13
192,柳林,2017-06-08,21
192,柳林,2017-06-09,27
192,柳林,2017-06-10,36
192,柳林,2017-06-11,33
192,柳林,2017-06-12,16
192,柳林,2017-06-13,18
192,柳林,2017-06-14,24
192,柳林,2017-06-15,31
192,柳林,2017-06-16,33
192,柳林,2017-06-17,24
192,柳林,2017-06-18,30
192,柳林,2017-06-19,36
192,柳林,2017-06-20,37
192,柳林,2017-06-21,26
192,柳林,2017-06-22,28
192,柳林,2017-06-23,28
192,柳林,2017-06-24,24
192,柳林,2017-06-25,28
192,柳林,2017-06-26,24
192,柳林,2017-06-27,29
192,柳林,2017-06-28,29
192,柳林,2017-06-29,36
192,柳林,2017-06-30,25
192,柳林,2017-07-01,22
192,柳林,2017-07-02,14
192,柳林,2017-07-03,15
192,柳林,2017-07-04,17
192,柳林,2017-07-05,29
192,柳林,2017-07-06,32
192,柳林,2017-07-07,21
192,柳林,2017-07-08,21
192,柳林,2017-07-09,23
192,柳林,2017-07-10,20
192,柳林,2017-07-11,21
192,柳林,2017-07-12,37
192,柳林,2017-07-13,39
192,柳林,2017-07-14,32
192,柳林,2017-07-15,18
192,柳林,2017-07-16,13
192,柳林,2017-07-17,14
192,柳林,2017-07-18,16
192,柳林,2017-07-19,23
192,柳林,2017-07-20,40
192,柳林,2017-07-21,38
192,柳林,2017-07-22,30
192,柳林,2017-07-23,28
192,柳林,2017-07-24,32
192,柳林,2017-07-25,35
192,柳林,2017-07-26,17
192,柳林,2017-07-27,20
192,柳林,2017-07-28,29
192,柳林,2017-07-29,25
192,柳林,2017-07-30,30
192,柳林,2017-07-31,28
192,柳林,2017-08-01,24
192,柳林,2017-08-02,25
192,柳林,2017-08-03,17
192,柳林,2017-08-04,17
192,柳林,2017-08-05,16
192,柳林,2017-08-06,18
192,柳林,2017-08-07,19
192,柳林,2017-08-08,27
192,柳林,2017-08-09,27
192,柳林,2017-08-10,22
192,柳林,2017-08-12,14
192,柳林,2017-08-13,12
192,柳林,2017-08-14,7
192,柳林,2017-08-15,11
192,柳林,2017-08-16,21
192,柳林,2017-08-17,23
192,柳林,2017-08-18,18
192,柳林,2017-08-19,20
192,柳林,2017-08-20,17
192,柳林,2017-08-23,14
192,柳林,2017-08-24,12
192,柳林,2017-08-25,16
192,柳林,2017-08-26,16
192,柳林,2017-08-27,21
192,柳林,2017-08-28,25
192,柳林,2017-08-29,13
192,柳林,2017-08-30,16
192,柳林,2017-08-31,23
192,柳林,2017-09-01,18
192,柳林,2017-09-02,15
192,柳林,2017-09-03,12
192,柳林,2017-09-04,17
192,柳林,2017-09-05,16
192,柳林,2017-09-06,13
192,柳林,2017-09-07,14
192,柳林,2017-09-08,25
192,柳林,2017-09-09,31
192,柳林,2017-09-10,26
192,柳林,2017-09-11,13
192,柳林,2017-09-12,20
192,柳林,2017-09-13,20
192,柳林,2017-09-14,18
192,柳林,2017-09-15,14
192,柳林,2017-09-16,13
192,柳林,2017-09-17,11
192,柳林,2017-09-18,18
192,柳林,2017-09-19,48
192,柳林,2017-09-20,39
192,柳林,2017-09-21,19
192,柳林,2017-09-22,18
192,柳林,2017-09-23,21
192,柳林,2017-09-24,40
192,柳林,2017-09-25,48
192,柳林,2017-09-26,40
192,柳林,2017-09-27,15
192,柳林,2017-09-28,18
192,柳林,2017-09-29,15
192,柳林,2017-09-30,19
192,柳林,2017-10-01,18
192,柳林,2017-10-02,9
192,柳林,2017-10-03,15
192,柳林,2017-10-04,16
192,柳林,2017-10-05,13
192,柳林,2017-10-06,9
192,柳林,2017-10-07,12
192,柳林,2017-10-08,13
192,柳林,2017-10-09,20
192,柳林,2017-10-10,23
192,柳林,2017-10-11,21
192,柳林,2017-10-12,7
192,柳林,2017-10-13,13
192,柳林,2017-10-14,16
192,柳林,2017-10-15,13
192,柳林,2017-10-16,17
192,柳林,2017-10-17,22
192,柳林,2017-10-18,19
192,柳林,2017-10-19,17
192,柳林,2017-10-20,16
192,柳林,2017-10-21,17
192,柳林,2017-10-22,20
192,柳林,2017-10-23,20
192,柳林,2017-10-24,23
192,柳林,2017-10-25,26
192,柳林,2017-10-26,27
192,柳林,2017-10-27,34
192,柳林,2017-10-28,22
192,柳林,2017-10-29,30
192,柳林,2017-10-30,20
192,柳林,2017-10-31,24
192,柳林,2017-11-01,23
192,柳林,2017-11-02,28
192,柳林,2017-11-03,36
192,柳林,2017-11-04,26
192,柳林,2017-11-05,32
192,柳林,2017-11-06,30
192,柳林,2017-11-07,32
192,柳林,2017-11-08,44
192,柳林,2017-11-09,35
192,柳林,2017-11-10,37
192,柳林,2017-11-11,31
192,柳林,2017-11-12,34
192,柳林,2017-11-13,30
192,柳林,2017-11-14,32
192,柳林,2017-11-15,24
192,柳林,2017-11-16,24
192,柳林,2017-11-17,27
192,柳林,2017-11-18,27
192,柳林,2017-11-19,13
192,柳林,2017-11-20,23
192,柳林,2017-11-21,34
192,柳林,2017-11-22,41
192,柳林,2017-11-23,15
192,柳林,2017-11-24,28
192,柳林,2017-11-25,25
192,柳林,2017-11-26,42
192,柳林,2017-11-27,40
192,柳林,2017-11-28,36
192,柳林,2017-11-29,39
192,柳林,2017-12-02,22
192,柳林,2017-12-03,34
192,柳林,2017-12-04,33
192,柳林,2017-12-05,13
192,柳林,2017-12-06,27
192,柳林,2017-12-07,36
192,柳林,2017-12-08,16
192,柳林,2017-12-09,26
192,柳林,2017-12-10,29
192,柳林,2017-12-11,14
192,柳林,2017-12-12,10
192,柳林,2017-12-13,15
192,柳林,2017-12-14,22
192,柳林,2017-12-15,26
192,柳林,2017-12-16,22
192,柳林,2017-12-17,18
192,柳林,2017-12-18,29
192,柳林,2017-12-19,33
192,柳林,2017-12-20,26
192,柳林,2017-12-21,30
192,柳林,2017-12-22,28
192,柳林,2017-12-23,40
192,柳林,2017-12-24,31
192,柳林,2017-12-25,16
192,柳林,2017-12-26,19
192,柳林,2017-12-27,10
192,柳林,2017-12-28,41
192,柳林,2017-12-29,52
192,柳林,2017-12-30,60
192,柳林,2017-12-31,54
192,柳林,2018-01-01,34
192,柳林,2018-01-02,43
192,柳林,2018-01-03,21
192,柳林,2018-01-04,17
192,柳林,2018-01-05,20
192,柳林,2018-01-06,21
192,柳林,2018-01-07,25
192,柳林,2018-01-08,20
192,柳林,2018-01-09,24
192,柳林,2018-01-10,16
192,柳林,2018-01-11,14
192,柳林,2018-01-12,13
192,柳林,2018-01-13,24
192,柳林,2018-01-14,34
192,柳林,2018-01-15,31
192,柳林,2018-01-16,26
192,柳林,2018-01-17,11
192,柳林,2018-01-18,43
192,柳林,2018-01-19,66
192,柳林,2018-01-20,46
192,柳林,2018-01-21,51
192,柳林,2018-01-22,43
192,柳林,2018-01-23,19
192,柳林,2018-01-24,14
192,柳林,2018-01-25,10
192,柳林,2018-01-26,10
192,柳林,2018-01-27,25
192,柳林,2018-01-28,28
192,柳林,2018-01-29,27
192,柳林,2018-01-30,33
192,柳林,2018-01-31,31
192,柳林,2018-02-01,32
192,柳林,2018-02-02,21
192,柳林,2018-02-03,23
192,柳林,2018-02-04,13
192,柳林,2018-02-05,19
192,柳林,2018-02-06,15
192,柳林,2018-02-07,21
192,柳林,2018-02-08,24
192,柳林,2018-02-09,29
192,柳林,2018-02-10,47
192,柳林,2018-02-11,31
192,柳林,2018-02-12,26
192,柳林,2018-02-13,31
192,柳林,2018-02-14,42
192,柳林,2018-02-15,45
192,柳林,2018-02-16,23
192,柳林,2018-02-17,16
192,柳林,2018-02-18,18
192,柳林,2018-02-19,52
192,柳林,2018-02-20,53
192,柳林,2018-02-21,22
192,柳林,2018-02-22,32
192,柳林,2018-02-23,54
192,柳林,2018-02-24,56
192,柳林,2018-02-25,49
192,柳林,2018-02-26,37
192,柳林,2018-02-27,41
192,柳林,2018-02-28,36
192,柳林,2018-03-01,18
192,柳林,2018-03-02,30
192,柳林,2018-03-03,34
192,柳林,2018-03-04,29
192,柳林,2018-03-06,19
192,柳林,2018-03-07,22
192,柳林,2018-03-09,26
192,柳林,2018-03-10,29
192,柳林,2018-03-11,42
192,柳林,2018-03-12,49
192,柳林,2018-03-13,27
192,柳林,2018-03-15,14
192,柳林,2018-03-17,19
192,柳林,2018-03-18,19
192,柳林,2018-03-20,15
192,柳林,2018-03-22,14
192,柳林,2018-03-23,25
192,柳林,2018-03-24,48
192,柳林,2018-03-25,59
192,柳林,2018-03-26,40
192,柳林,2018-03-27,46
192,柳林,2018-03-28,42
192,柳林,2018-03-29,35
192,柳林,2018-03-30,39
192,柳林,2018-03-31,34
192,柳林,2018-04-01,52
192,柳林,2018-04-02,37
192,柳林,2018-04-03,28
192,柳林,2018-04-04,19
192,柳林,2018-04-05,14
192,柳林,2018-04-06,66
192,柳林,2018-04-07,32
192,柳林,2018-04-08,33
192,柳林,2018-04-09,51
192,柳林,2018-04-10,34
192,柳林,2018-04-11,31
192,柳林,2018-04-12,22
192,柳林,2018-04-13,29
192,柳林,2018-04-14,18
192,柳林,2018-04-15,161
192,柳林,2018-04-16,75
192,柳林,2018-04-17,85
192,柳林,2018-04-18,68
192,柳林,2018-04-19,45
192,柳林,2018-04-20,51
192,柳林,2018-04-21,45
192,柳林,2018-04-22,41
192,柳林,2018-04-25,19
192,柳林,2018-04-26,27
192,柳林,2018-04-27,34
192,柳林,2018-04-28,43
192,柳林,2018-04-29,48
192,柳林,2018-04-30,51
192,柳林,2018-05-01,48
192,柳林,2018-05-02,24
192,柳林,2018-05-03,30
192,柳林,2018-05-04,26
192,柳林,2018-05-05,28
192,柳林,2018-05-06,17
192,柳林,2018-05-07,12
192,柳林,2018-05-08,17
192,柳林,2018-05-09,20
192,柳林,2018-05-10,28
192,柳林,2018-05-11,28
192,柳林,2018-05-12,25
192,柳林,2018-05-13,20
192,柳林,2018-05-14,42
192,柳林,2018-05-15,47
192,柳林,2018-05-16,16
192,柳林,2018-05-17,11
192,柳林,2018-05-18,22
192,柳林,2018-05-19,13
192,柳林,2018-05-20,14
192,柳林,2018-05-21,21
192,柳林,2018-05-22,21
192,柳林,2018-05-23,28
192,柳林,2018-05-24,49
192,柳林,2018-05-25,56
192,柳林,2018-05-26,40
192,柳林,2018-05-27,36
192,柳林,2018-05-28,34
192,柳林,2018-05-29,22
192,柳林,2018-05-30,37
192,柳林,2018-05-31,27
192,柳林,2018-06-01,29
192,柳林,2018-06-02,35
192,柳林,2018-06-03,41
192,柳林,2018-06-04,35
192,柳林,2018-06-05,28
192,柳林,2018-06-06,35
192,柳林,2018-06-07,45
192,柳林,2018-06-08,50
192,柳林,2018-06-09,43
192,柳林,2018-06-10,19
192,柳林,2018-06-11,11
192,柳林,2018-06-12,18
192,柳林,2018-06-13,31
192,柳林,2018-06-14,22
192,柳林,2018-06-15,19
192,柳林,2018-06-16,18
192,柳林,2018-06-17,21
192,柳林,2018-06-18,23
192,柳林,2018-06-19,30
192,柳林,2018-06-21,22
192,柳林,2018-06-22,24
192,柳林,2018-06-23,32
192,柳林,2018-06-24,38
192,柳林,2018-06-25,43
192,柳林,2018-06-26,24
192,柳林,2018-06-27,16
192,柳林,2018-06-28,10
192,柳林,2018-06-29,20
192,柳林,2018-06-30,14
192,柳林,2018-07-01,15
192,柳林,2018-07-02,18
192,柳林,2018-07-03,11
192,柳林,2018-07-04,16
192,柳林,2018-07-05,18
192,柳林,2018-07-06,10
192,柳林,2018-07-07,8
192,柳林,2018-07-08,13
192,柳林,2018-07-09,9
192,柳林,2018-07-10,21
192,柳林,2018-07-11,22
192,柳林,2018-07-12,22
192,柳林,2018-07-13,23
192,柳林,2018-07-14,21
192,柳林,2018-07-15,21
192,柳林,2018-07-16,32
192,柳林,2018-07-17,40
192,柳林,2018-07-18,35
192,柳林,2018-07-19,42
192,柳林,2018-07-20,53
192,柳林,2018-07-21,31
192,柳林,2018-07-22,18
192,柳林,2018-07-23,18
192,柳林,2018-07-24,19
192,柳林,2018-07-25,19
192,柳林,2018-07-26,26
192,柳林,2018-07-27,36
192,柳林,2018-07-28,40
192,柳林,2018-07-29,18
192,柳林,2018-07-30,14
192,柳林,2018-07-31,16
192,柳林,2018-08-01,16
192,柳林,2018-08-02,16
192,柳林,2018-08-03,20
192,柳林,2018-08-04,24
192,柳林,2018-08-05,17
192,柳林,2018-08-06,22
192,柳林,2018-08-07,18
192,柳林,2018-08-08,20
192,柳林,2018-08-09,30
192,柳林,2018-08-10,20
192,柳林,2018-08-11,17
192,柳林,2018-08-12,20
192,柳林,2018-08-13,19
192,柳林,2018-08-14,18
192,柳林,2018-08-15,16
192,柳林,2018-08-16,12
192,柳林,2018-08-17,16
192,柳林,2018-08-18,18
192,柳林,2018-08-19,19
192,柳林,2018-08-20,22
192,柳林,2018-08-22,17
192,柳林,2018-08-23,10
192,柳林,2018-08-24,8
192,柳林,2018-08-25,20
192,柳林,2018-08-26,10
192,柳林,2018-08-27,11
192,柳林,2018-08-28,13
192,柳林,2018-08-29,15
192,柳林,2018-08-30,11
192,柳林,2018-08-31,13
192,柳林,2018-09-01,16
192,柳林,2018-09-02,15
192,柳林,2018-09-03,11
192,柳林,2018-09-04,14
192,柳林,2018-09-05,17
192,柳林,2018-09-06,22
192,柳林,2018-09-07,25
192,柳林,2018-09-08,19
192,柳林,2018-09-09,18
192,柳林,2018-09-10,14
192,柳林,2018-09-11,15
192,柳林,2018-09-12,18
192,柳林,2018-09-13,20
192,柳林,2018-09-14,12
192,柳林,2018-09-15,13
192,柳林,2018-09-16,22
192,柳林,2018-09-17,27
192,柳林,2018-09-18,38
192,柳林,2018-09-19,29
192,柳林,2018-09-20,14
192,柳林,2018-09-21,13
192,柳林,2018-09-22,17
192,柳林,2018-09-23,30
192,柳林,2018-09-24,21
192,柳林,2018-09-25,13
192,柳林,2018-09-26,10
192,柳林,2018-09-27,13
192,柳林,2018-09-28,15
192,柳林,2018-09-29,14
192,柳林,2018-09-30,14
192,柳林,2018-10-01,11
192,柳林,2018-10-02,14
192,柳林,2018-10-03,17
192,柳林,2018-10-04,20
192,柳林,2018-10-07,19
192,柳林,2018-10-08,14
192,柳林,2018-10-09,22
192,柳林,2018-10-10,18
192,柳林,2018-10-11,13
192,柳林,2018-10-12,14
192,柳林,2018-10-13,16
192,柳林,2018-10-14,17
192,柳林,2018-10-15,32
192,柳林,2018-10-16,37
192,柳林,2018-10-17,33
192,柳林,2018-10-18,14
192,柳林,2018-10-19,14
192,柳林,2018-10-20,18
192,柳林,2018-10-21,17
192,柳林,2018-10-22,22
192,柳林,2018-10-23,22
192,柳林,2018-10-24,34
192,柳林,2018-10-25,29
192,柳林,2018-10-26,27
192,柳林,2018-10-27,14
192,柳林,2018-10-28,19
192,柳林,2018-10-29,15
192,柳林,2018-10-30,14
192,柳林,2018-10-31,17
192,柳林,2018-11-01,18
192,柳林,2018-11-02,17
192,柳林,2018-11-03,18
192,柳林,2018-11-04,21
192,柳林,2018-11-05,28
192,柳林,2018-11-06,32
192,柳林,2018-11-08,17
192,柳林,2018-11-09,21
192,柳林,2018-11-10,31
192,柳林,2018-11-11,30
192,柳林,2018-11-12,24
192,柳林,2018-11-13,19
192,柳林,2018-11-14,17
192,柳林,2018-11-15,19
192,柳林,2018-11-16,20
192,柳林,2018-11-17,17
192,柳林,2018-11-18,20
192,柳林,2018-11-19,27
192,柳林,2018-11-20,36
192,柳林,2018-11-21,35
192,柳林,2018-11-22,20
192,柳林,2018-11-23,25
192,柳林,2018-11-24,23
192,柳林,2018-11-25,27
192,柳林,2018-11-26,27
192,柳林,2018-11-27,31
192,柳林,2018-11-28,50
192,柳林,2018-11-29,73
192,柳林,2018-11-30,105
192,柳林,2018-12-01,56
192,柳林,2018-12-02,51
192,柳林,2018-12-03,32
192,柳林,2018-12-04,22
192,柳林,2018-12-05,31
192,柳林,2018-12-06,17
192,柳林,2018-12-07,14
192,柳林,2018-12-08,12
192,柳林,2018-12-09,12
192,柳林,2018-12-10,16
192,柳林,2018-12-11,14
192,柳林,2018-12-12,23
192,柳林,2018-12-13,24
192,柳林,2018-12-14,16
192,柳林,2018-12-15,20
192,柳林,2018-12-16,20
192,柳林,2018-12-17,28
192,柳林,2018-12-18,29
192,柳林,2018-12-19,39
192,柳林,2018-12-20,57
192,柳林,2018-12-21,48
192,柳林,2018-12-22,33
192,柳林,2018-12-23,26
192,柳林,2018-12-24,21
192,柳林,2018-12-25,18
192,柳林,2018-12-26,23
192,柳林,2018-12-27,10
192,柳林,2018-12-28,14
192,柳林,2018-12-29,17
192,柳林,2018-12-30,14
192,柳林,2018-12-31,17
192,柳林,2019-01-01,19
192,柳林,2019-01-02,16
192,柳林,2019-01-03,26
192,柳林,2019-01-04,24
192,柳林,2019-01-05,43
192,柳林,2019-01-06,22
192,柳林,2019-01-07,31
192,柳林,2019-01-08,33
192,柳林,2019-01-09,21
192,柳林,2019-01-10,16
192,柳林,2019-01-11,33
192,柳林,2019-01-12,22
192,柳林,2019-01-13,37
192,柳林,2019-01-14,41
192,柳林,2019-01-15,45
192,柳林,2019-01-16,18
192,柳林,2019-01-17,23
192,柳林,2019-01-18,31
192,柳林,2019-01-19,37
192,柳林,2019-01-20,17
192,柳林,2019-01-21,19
192,柳林,2019-01-22,33
192,柳林,2019-01-23,46
192,柳林,2019-01-24,26
192,柳林,2019-01-25,24
192,柳林,2019-01-26,29
192,柳林,2019-01-27,27
192,柳林,2019-01-28,43
192,柳林,2019-01-29,54
192,柳林,2019-01-30,39
192,柳林,2019-01-31,23
192,柳林,2019-02-01,22
192,柳林,2019-02-02,38
192,柳林,2019-02-03,23
192,柳林,2019-02-04,78
192,柳林,2019-02-05,68
192,柳林,2019-02-06,53
192,柳林,2019-02-08,13
192,柳林,2019-02-09,19
192,柳林,2019-02-10,19
192,柳林,2019-02-11,21
192,柳林,2019-02-12,37
192,柳林,2019-02-13,49
192,柳林,2019-02-14,43
192,柳林,2019-02-15,35
192,柳林,2019-02-16,35
192,柳林,2019-02-17,29
192,柳林,2019-02-18,24
192,柳林,2019-02-19,13
192,柳林,2019-02-20,29
192,柳林,2019-02-21,43
192,柳林,2019-02-22,37
192,柳林,2019-02-23,33
192,柳林,2019-02-24,31
192,柳林,2019-02-25,33
192,柳林,2019-02-26,41
192,柳林,2019-02-27,27
192,柳林,2019-02-28,32
192,柳林,2019-03-01,60
192,柳林,2019-03-02,49
192,柳林,2019-03-03,32
192,柳林,2019-03-04,35
192,柳林,2019-03-05,75
192,柳林,2019-03-06,53
192,柳林,2019-03-07,53
192,柳林,2019-03-08,36
192,柳林,2019-03-09,30
192,柳林,2019-03-10,13
192,柳林,2019-03-11,19
192,柳林,2019-03-12,31
192,柳林,2019-03-13,23
192,柳林,2019-03-14,24
192,柳林,2019-03-15,24
192,柳林,2019-03-16,22
192,柳林,2019-03-17,26
192,柳林,2019-03-18,25
192,柳林,2019-03-19,32
192,柳林,2019-03-20,38
192,柳林,2019-03-21,18
192,柳林,2019-03-22,26
192,柳林,2019-03-23,18
192,柳林,2019-03-24,20
192,柳林,2019-03-25,33
192,柳林,2019-03-26,31
192,柳林,2019-03-27,32
192,柳林,2019-03-28,38
192,柳林,2019-03-29,43
192,柳林,2019-03-30,30
192,柳林,2019-03-31,21
192,柳林,2019-04-01,22
192,柳林,2019-04-02,19
192,柳林,2019-04-03,21
192,柳林,2019-04-04,27
192,柳林,2019-04-05,52
192,柳林,2019-04-06,33
192,柳林,2019-04-07,46
192,柳林,2019-04-08,37
192,柳林,2019-04-09,17
192,柳林,2019-04-11,10
192,柳林,2019-04-12,24
192,柳林,2019-04-13,25
192,柳林,2019-04-14,23
192,柳林,2019-04-15,35
192,柳林,2019-04-16,30
192,柳林,2019-04-17,27
192,柳林,2019-04-18,21
192,柳林,2019-04-19,29
192,柳林,2019-04-20,37
192,柳林,2019-04-21,38
192,柳林,2019-04-22,40
192,柳林,2019-04-23,27
192,柳林,2019-04-24,19
192,柳林,2019-04-25,30
192,柳林,2019-04-27,12
192,柳林,2019-04-28,16
192,柳林,2019-04-29,10
192,柳林,2019-04-30,13
192,柳林,2019-05-01,43
192,柳林,2019-05-02,62
192,柳林,2019-05-03,31
192,柳林,2019-05-04,43
192,柳林,2019-05-05,47
192,柳林,2019-05-06,34
192,柳林,2019-05-07,27
192,柳林,2019-05-08,29
192,柳林,2019-05-09,31
192,柳林,2019-05-10,35
192,柳林,2019-05-11,38
192,柳林,2019-05-12,34
192,柳林,2019-05-13,36
192,柳林,2019-05-14,33
192,柳林,2019-05-15,30
192,柳林,2019-05-17,26
192,柳林,2019-05-18,10
192,柳林,2019-05-19,15
192,柳林,2019-05-20,23
192,柳林,2019-05-21,24
192,柳林,2019-05-22,40
192,柳林,2019-05-23,40
192,柳林,2019-05-24,46
192,柳林,2019-05-25,43
192,柳林,2019-05-26,32
192,柳林,2019-05-27,15
192,柳林,2019-05-28,12
192,柳林,2019-05-29,19
192,柳林,2019-05-30,22
192,柳林,2019-05-31,19
192,柳林,2019-06-01,24
192,柳林,2019-06-02,31
192,柳林,2019-06-03,38
192,柳林,2019-06-04,35
192,柳林,2019-06-05,37
192,柳林,2019-06-06,39
192,柳林,2019-06-07,9
192,柳林,2019-06-08,18
192,柳林,2019-06-09,25
192,柳林,2019-06-10,15
192,柳林,2019-06-11,14
192,柳林,2019-06-12,22
192,柳林,2019-06-13,27
192,柳林,2019-06-14,28
192,柳林,2019-06-15,26
192,柳林,2019-06-16,21
192,柳林,2019-06-17,21
192,柳林,2019-06-18,26
192,柳林,2019-06-19,34
192,柳林,2019-06-20,33
192,柳林,2019-06-21,34
192,柳林,2019-06-22,28
192,柳林,2019-06-23,14
192,柳林,2019-06-24,25
192,柳林,2019-06-25,27
192,柳林,2019-06-26,17
192,柳林,2019-06-27,11
192,柳林,2019-06-28,25
192,柳林,2019-06-29,19
192,柳林,2019-06-30,17
192,柳林,2019-07-01,31
192,柳林,2019-07-02,25
192,柳林,2019-07-03,30
192,柳林,2019-07-04,32
192,柳林,2019-07-05,46
192,柳林,2019-07-06,36
192,柳林,2019-07-07,20
192,柳林,2019-07-08,15
192,柳林,2019-07-09,16
192,柳林,2019-07-10,13
192,柳林,2019-07-11,8
192,柳林,2019-07-12,10
192,柳林,2019-07-13,19
192,柳林,2019-07-14,24
192,柳林,2019-07-15,30
192,柳林,2019-07-17,20
192,柳林,2019-07-18,16
192,柳林,2019-07-19,14
192,柳林,2019-07-21,18
192,柳林,2019-07-22,29
192,柳林,2019-07-23,20
192,柳林,2019-07-24,15
192,柳林,2019-07-25,21
192,柳林,2019-07-26,18
192,柳林,2019-07-27,20
192,柳林,2019-07-28,13
192,柳林,2019-07-29,15
192,柳林,2019-07-30,12
192,柳林,2019-07-31,12
192,柳林,2019-08-01,12
192,柳林,2019-08-02,20
192,柳林,2019-08-03,32
192,柳林,2019-08-04,32
192,柳林,2019-08-05,38
192,柳林,2019-08-06,24
192,柳林,2019-08-07,33
192,柳林,2019-08-08,21
192,柳林,2019-08-09,19
192,柳林,2019-08-10,22
192,柳林,2019-08-11,18
192,柳林,2019-08-12,16
192,柳林,2019-08-13,17
192,柳林,2019-08-14,16
192,柳林,2019-08-15,7
192,柳林,2019-08-16,12
192,柳林,2019-08-17,27
192,柳林,2019-08-18,38
192,柳林,2019-08-19,34
192,柳林,2019-08-20,37
192,柳林,2019-08-21,22
192,柳林,2019-08-23,32
192,柳林,2019-08-24,26
192,柳林,2019-08-25,28
192,柳林,2019-08-26,24
192,柳林,2019-08-27,19
192,柳林,2019-08-28,20
192,柳林,2019-08-29,25
192,柳林,2019-08-30,20
192,柳林,2019-08-31,22
192,柳林,2019-09-01,23
192,柳林,2019-09-02,18
192,柳林,2019-09-03,10
192,柳林,2019-09-04,14
192,柳林,2019-09-05,21
192,柳林,2019-09-06,25
192,柳林,2019-09-07,17
192,柳林,2019-09-08,26
192,柳林,2019-09-09,22
192,柳林,2019-09-10,31
192,柳林,2019-09-11,31
192,柳林,2019-09-12,11
192,柳林,2019-09-13,18
192,柳林,2019-09-14,17
192,柳林,2019-09-15,21
192,柳林,2019-09-16,17
192,柳林,2019-09-17,19
192,柳林,2019-09-18,21
192,柳林,2019-09-19,27
192,柳林,2019-09-20,19
192,柳林,2019-09-23,8
192,柳林,2019-09-24,13
192,柳林,2019-09-25,22
192,柳林,2019-09-26,30
192,柳林,2019-09-27,28
192,柳林,2019-09-28,24
192,柳林,2019-09-29,26
192,柳林,2019-09-30,28
192,柳林,2019-10-01,14
192,柳林,2019-10-02,10
192,柳林,2019-10-03,10
192,柳林,2019-10-04,17
192,柳林,2019-10-05,27
192,柳林,2019-10-06,16
192,柳林,2019-10-07,12
192,柳林,2019-10-10,18
192,柳林,2019-10-11,19
192,柳林,2019-10-12,22
192,柳林,2019-10-13,21
192,柳林,2019-10-14,23
192,柳林,2019-10-15,24
192,柳林,2019-10-16,19
192,柳林,2019-10-17,21
192,柳林,2019-10-18,12
192,柳林,2019-10-19,13
192,柳林,2019-10-20,18
192,柳林,2019-10-21,20
192,柳林,2019-10-22,17
192,柳林,2019-10-23,23
192,柳林,2019-10-24,23
192,柳林,2019-10-25,16
192,柳林,2019-10-26,20
192,柳林,2019-10-27,16
192,柳林,2019-10-28,22
192,柳林,2019-10-29,76
192,柳林,2019-10-30,29
192,柳林,2019-10-31,27
192,柳林,2019-11-01,80
192,柳林,2019-11-02,60
192,柳林,2019-11-03,47
192,柳林,2019-11-04,24
192,柳林,2019-11-05,28
192,柳林,2019-11-06,30
192,柳林,2019-11-07,30
192,柳林,2019-11-08,31
192,柳林,2019-11-09,28
192,柳林,2019-11-10,23
192,柳林,2019-11-11,33
192,柳林,2019-11-12,26
192,柳林,2019-11-13,24
192,柳林,2019-11-14,19
192,柳林,2019-11-15,29
192,柳林,2019-11-16,36
192,柳林,2019-11-17,31
192,柳林,2019-11-18,49
192,柳林,2019-11-20,19
192,柳林,2019-11-21,17
192,柳林,2019-11-22,24
192,柳林,2019-11-23,24
192,柳林,2019-11-24,29
192,柳林,2019-11-25,15
192,柳林,2019-11-26,15
192,柳林,2019-11-27,20
192,柳林,2019-11-28,16
192,柳林,2019-11-29,17
192,柳林,2019-11-30,19
192,柳林,2019-12-01,20
192,柳林,2019-12-02,13
192,柳林,2019-12-03,18
192,柳林,2019-12-04,26
192,柳林,2019-12-05,20
192,柳林,2019-12-06,15
192,柳林,2019-12-07,21
192,柳林,2019-12-08,27
192,柳林,2019-12-09,33
192,柳林,2019-12-10,40
192,柳林,2019-12-11,46
192,柳林,2019-12-12,15
192,柳林,2019-12-13,26
192,柳林,2019-12-14,30
192,柳林,2019-12-15,27
192,柳林,2019-12-16,26
192,柳林,2019-12-17,23
192,柳林,2019-12-18,23
192,柳林,2019-12-19,20
192,柳林,2019-12-20,22
192,柳林,2019-12-21,31
192,柳林,2019-12-22,32
192,柳林,2019-12-23,37
192,柳林,2019-12-24,32
192,柳林,2019-12-25,27
192,柳林,2019-12-26,23
192,柳林,2019-12-27,15
192,柳林,2019-12-28,26
192,柳林,2019-12-29,29
192,柳林,2019-12-30,20
192,柳林,2019-12-31,12
192,柳林,2020-01-01,20
192,柳林,2020-01-02,32
192,柳林,2020-01-03,40
192,柳林,2020-01-04,33
192,柳林,2020-01-05,29
192,柳林,2020-01-06,19
192,柳林,2020-01-07,13
192,柳林,2020-01-08,16
192,柳林,2020-01-09,24
192,柳林,2020-01-10,31
192,柳林,2020-01-11,35
192,柳林,2020-01-12,23
192,柳林,2020-01-13,17
192,柳林,2020-01-14,19
192,柳林,2020-01-15,22
192,柳林,2020-01-16,22
192,柳林,2020-01-17,23
192,柳林,2020-01-18,24
192,柳林,2020-01-19,42
192,柳林,2020-01-20,51
192,柳林,2020-01-21,22
192,柳林,2020-01-22,20
192,柳林,2020-01-23,14
192,柳林,2020-01-24,26
192,柳林,2020-01-25,24
192,柳林,2020-01-26,15
192,柳林,2020-01-29,11
192,柳林,2020-01-30,21
192,柳林,2020-01-31,25
192,柳林,2020-02-01,47
192,柳林,2020-02-02,70
192,柳林,2020-02-03,33
192,柳林,2020-02-04,30
192,柳林,2020-02-05,16
192,柳林,2020-02-06,16
192,柳林,2020-02-07,24
192,柳林,2020-02-08,31
192,柳林,2020-02-09,23
192,柳林,2020-02-10,44
192,柳林,2020-02-11,47
192,柳林,2020-02-12,24
192,柳林,2020-02-13,17
192,柳林,2020-02-15,26
192,柳林,2020-02-17,12
192,柳林,2020-02-18,17
192,柳林,2020-02-19,21
192,柳林,2020-02-20,29
192,柳林,2020-02-21,32
192,柳林,2020-02-22,58
192,柳林,2020-02-23,25
192,柳林,2020-02-24,21
192,柳林,2020-02-25,7
192,柳林,2020-02-26,12
192,柳林,2020-02-27,18
192,柳林,2020-02-28,17
192,柳林,2020-02-29,14
192,柳林,2020-03-01,19
192,柳林,2020-03-02,27
192,柳林,2020-03-03,23
192,柳林,2020-03-04,20
192,柳林,2020-03-05,31
192,柳林,2020-03-06,29
192,柳林,2020-03-07,18
192,柳林,2020-03-08,19
192,柳林,2020-03-09,23
192,柳林,2020-03-10,16
192,柳林,2020-03-11,23
192,柳林,2020-03-12,23
192,柳林,2020-03-13,33
192,柳林,2020-03-14,19
192,柳林,2020-03-15,30
192,柳林,2020-03-16,19
192,柳林,2020-03-17,33
192,柳林,2020-03-18,35
192,柳林,2020-03-19,37
192,柳林,2020-03-20,42
192,柳林,2020-03-21,35
192,柳林,2020-03-22,50
192,柳林,2020-03-23,28
192,柳林,2020-03-24,33
192,柳林,2020-03-25,29
192,柳林,2020-03-26,20
192,柳林,2020-03-27,15
192,柳林,2020-03-28,29
192,柳林,2020-03-29,23
192,柳林,2020-03-30,26
192,柳林,2020-03-31,21
192,柳林,2020-04-01,38
192,柳林,2020-04-02,31
192,柳林,2020-04-03,28
192,柳林,2020-04-04,46
192,柳林,2020-04-05,29
192,柳林,2020-04-06,32
192,柳林,2020-04-07,53
192,柳林,2020-04-08,32
192,柳林,2020-04-09,32
192,柳林,2020-04-10,30
192,柳林,2020-04-11,21
192,柳林,2020-04-12,15
192,柳林,2020-04-13,14
192,柳林,2020-04-14,24
192,柳林,2020-04-15,24
192,柳林,2020-04-16,33
192,柳林,2020-04-17,17
192,柳林,2020-04-18,27
192,柳林,2020-04-19,20
192,柳林,2020-04-20,19
192,柳林,2020-04-21,22
192,柳林,2020-04-22,38
192,柳林,2020-04-23,39
192,柳林,2020-04-24,28
192,柳林,2020-04-25,47
192,柳林,2020-04-26,32
192,柳林,2020-04-27,24
192,柳林,2020-04-28,24
192,柳林,2020-04-29,30
192,柳林,2020-04-30,29
192,柳林,2020-05-01,42
192,柳林,2020-05-02,36
192,柳林,2020-05-03,22
192,柳林,2020-05-04,34
192,柳林,2020-05-07,22
192,柳林,2020-05-08,25
192,柳林,2020-05-09,14
192,柳林,2020-05-10,17
192,柳林,2020-05-11,41
192,柳林,2020-05-12,46
192,柳林,2020-05-13,37
192,柳林,2020-05-15,22
192,柳林,2020-05-16,26
192,柳林,2020-05-17,27
192,柳林,2020-05-18,22
192,柳林,2020-05-19,24
192,柳林,2020-05-20,18
192,柳林,2020-05-21,22
192,柳林,2020-05-22,22
192,柳林,2020-05-23,20
192,柳林,2020-05-24,21
192,柳林,2020-05-25,22
192,柳林,2020-05-26,34
192,柳林,2020-05-27,27
192,柳林,2020-05-28,28
192,柳林,2020-05-29,30
192,柳林,2020-05-30,31
192,柳林,2020-05-31,30
192,柳林,2020-06-01,26
192,柳林,2020-06-02,15
192,柳林,2020-06-03,20
192,柳林,2020-06-04,34
192,柳林,2020-06-05,53
192,柳林,2020-06-06,56
192,柳林,2020-06-07,44
192,柳林,2020-06-08,33
192,柳林,2020-06-09,34
192,柳林,2020-06-10,34
192,柳林,2020-06-11,21
192,柳林,2020-06-12,21
192,柳林,2020-06-13,10
192,柳林,2020-06-14,15
192,柳林,2020-06-15,25
192,柳林,2020-06-16,24
192,柳林,2020-06-17,22
192,柳林,2020-06-18,13
192,柳林,2020-06-19,19
192,柳林,2020-06-20,30
192,柳林,2020-06-21,22
192,柳林,2020-06-22,20
192,柳林,2020-06-23,23
192,柳林,2020-06-24,20
192,柳林,2020-06-25,20
192,柳林,2020-06-26,17
192,柳林,2020-06-27,27
192,柳林,2020-06-28,36
192,柳林,2020-06-29,28
192,柳林,2020-06-30,10
192,柳林,2020-07-01,12
192,柳林,2020-07-02,24
192,柳林,2020-07-03,17
192,柳林,2020-07-04,13
192,柳林,2020-07-05,22
192,柳林,2020-07-06,23
192,柳林,2020-07-07,17
192,柳林,2020-07-08,24
192,柳林,2020-07-09,25
192,柳林,2020-07-11,25
192,柳林,2020-07-12,18
192,柳林,2020-07-15,11
192,柳林,2020-07-16,17
192,柳林,2020-07-17,22
192,柳林,2020-07-18,18
192,柳林,2020-07-19,15
192,柳林,2020-07-20,17
192,柳林,2020-07-21,16
192,柳林,2020-07-22,12
192,柳林,2020-07-23,12
192,柳林,2020-07-24,8
192,柳林,2020-07-25,18
192,柳林,2020-07-26,17
192,柳林,2020-07-27,19
192,柳林,2020-07-28,15
192,柳林,2020-07-29,11
192,柳林,2020-07-30,15
192,柳林,2020-07-31,17
192,柳林,2020-08-01,20
192,柳林,2020-08-02,33
192,柳林,2020-08-03,36
192,柳林,2020-08-04,54
192,柳林,2020-08-05,29
192,柳林,2020-08-06,23
192,柳林,2020-08-07,39
192,柳林,2020-08-08,15
192,柳林,2020-08-09,13
192,柳林,2020-08-11,19
192,柳林,2020-08-12,18
192,柳林,2020-08-13,17
192,柳林,2020-08-14,21
192,柳林,2020-08-15,22
192,柳林,2020-08-16,20
192,柳林,2020-08-17,26
192,柳林,2020-08-18,34
192,柳林,2020-08-19,40
192,柳林,2020-08-20,38
192,柳林,2020-08-21,45
192,柳林,2020-08-22,31
192,柳林,2020-08-23,30
192,柳林,2020-08-24,28
192,柳林,2020-08-25,29
192,柳林,2020-08-26,23
192,柳林,2020-08-27,23
192,柳林,2020-08-28,15
192,柳林,2020-08-29,15
192,柳林,2020-08-30,15
192,柳林,2020-08-31,12
192,柳林,2020-09-01,17
192,柳林,2020-09-02,15
192,柳林,2020-09-03,18
192,柳林,2020-09-04,37
192,柳林,2020-09-05,31
192,柳林,2020-09-06,10
192,柳林,2020-09-08,47
192,柳林,2020-09-09,30
192,柳林,2020-09-10,22
192,柳林,2020-09-11,29
192,柳林,2020-09-12,9
192,柳林,2020-09-13,13
192,柳林,2020-09-14,20
192,柳林,2020-09-15,22
192,柳林,2020-09-16,16
192,柳林,2020-09-17,18
192,柳林,2020-09-18,19
192,柳林,2020-09-19,18
192,柳林,2020-09-20,18
192,柳林,2020-09-21,20
192,柳林,2020-09-22,17
192,柳林,2020-09-23,12
192,柳林,2020-09-24,13
192,柳林,2020-09-25,15
192,柳林,2020-09-26,16
192,柳林,2020-09-27,15
192,柳林,2020-09-28,18
192,柳林,2020-09-29,19
192,柳林,2020-09-30,21
192,柳林,2020-10-01,19
192,柳林,2020-10-02,18
192,柳林,2020-10-03,20
192,柳林,2020-10-04,20
192,柳林,2020-10-05,18
192,柳林,2020-10-06,18
192,柳林,2020-10-07,16
192,柳林,2020-10-08,15
192,柳林,2020-10-09,20
192,柳林,2020-10-10,21
192,柳林,2020-10-11,20
192,柳林,2020-10-12,25
192,柳林,2020-10-13,20
192,柳林,2020-10-14,25
192,柳林,2020-10-15,18
192,柳林,2020-10-16,19
192,柳林,2020-10-17,25
192,柳林,2020-10-18,23
192,柳林,2020-10-19,22
192,柳林,2020-10-20,31
192,柳林,2020-10-21,28
192,柳林,2020-10-22,25
192,柳林,2020-10-23,18
192,柳林,2020-10-24,19
192,柳林,2020-10-25,24
192,柳林,2020-10-26,25
192,柳林,2020-10-27,28
192,柳林,2020-10-28,45
192,柳林,2020-10-29,22
192,柳林,2020-10-30,25
192,柳林,2020-10-31,19
192,柳林,2020-11-01,23
192,柳林,2020-11-02,38
192,柳林,2020-11-03,19
192,柳林,2020-11-04,18
192,柳林,2020-11-05,22
192,柳林,2020-11-06,24
192,柳林,2020-11-07,32
192,柳林,2020-11-08,42
192,柳林,2020-11-09,18
192,柳林,2020-11-10,22
192,柳林,2020-11-11,23
192,柳林,2020-11-12,23
192,柳林,2020-11-13,27
192,柳林,2020-11-14,37
192,柳林,2020-11-15,29
192,柳林,2020-11-16,36
192,柳林,2020-11-17,46
192,柳林,2020-11-18,32
192,柳林,2020-11-19,12
192,柳林,2020-11-20,12
192,柳林,2020-11-21,20
192,柳林,2020-11-22,15
192,柳林,2020-11-23,16
192,柳林,2020-11-24,20
192,柳林,2020-11-25,17
192,柳林,2020-11-27,23
192,柳林,2020-11-28,15
192,柳林,2020-11-29,19
192,柳林,2020-11-30,18
192,柳林,2020-12-01,19
192,柳林,2020-12-02,17
192,柳林,2020-12-03,18
192,柳林,2020-12-04,20
192,柳林,2020-12-05,21
192,柳林,2020-12-06,24
192,柳林,2020-12-07,32
192,柳林,2020-12-08,25
192,柳林,2020-12-09,22
192,柳林,2020-12-10,24
192,柳林,2020-12-11,28
192,柳林,2020-12-12,32
192,柳林,2020-12-13,28
192,柳林,2020-12-14,9
192,柳林,2020-12-15,14
192,柳林,2020-12-16,17
192,柳林,2020-12-17,17
192,柳林,2020-12-18,23
192,柳林,2020-12-19,10
192,柳林,2020-12-20,16
192,柳林,2020-12-21,29
192,柳林,2020-12-22,34
192,柳林,2020-12-23,49
192,柳林,2020-12-24,41
192,柳林,2020-12-25,19
192,柳林,2020-12-26,31
192,柳林,2020-12-27,32
192,柳林,2020-12-28,18
192,柳林,2020-12-29,21
192,柳林,2020-12-30,8
192,柳林,2020-12-31,15
192,柳林,2021-01-01,20
192,柳林,2021-01-02,26
192,柳林,2021-01-03,26
192,柳林,2021-01-04,33
192,柳林,2021-01-05,27
192,柳林,2021-01-06,15
192,柳林,2021-01-07,14
192,柳林,2021-01-08,16
192,柳林,2021-01-09,18
192,柳林,2021-01-10,22
192,柳林,2021-01-11,23
192,柳林,2021-01-12,32
192,柳林,2021-01-13,72
192,柳林,2021-01-14,76
192,柳林,2021-01-15,54
192,柳林,2021-01-16,55
192,柳林,2021-01-17,12
192,柳林,2021-01-18,34
192,柳林,2021-01-19,23
192,柳林,2021-01-20,24
192,柳林,2021-01-21,20
192,柳林,2021-01-22,18
192,柳林,2021-01-23,17
192,柳林,2021-01-24,14
192,柳林,2021-01-25,19
192,柳林,2021-01-26,11
192,柳林,2021-01-27,22
192,柳林,2021-01-28,27
192,柳林,2021-01-29,28
192,柳林,2021-01-30,57
192,柳林,2021-01-31,55
192,柳林,2021-02-01,44
192,柳林,2021-02-02,27
192,柳林,2021-02-03,24
192,柳林,2021-02-04,25
192,柳林,2021-02-05,19
192,柳林,2021-02-06,37
192,柳林,2021-02-07,55
192,柳林,2021-02-08,13
192,柳林,2021-02-09,18
192,柳林,2021-02-10,29
192,柳林,2021-02-11,37
192,柳林,2021-02-12,36
192,柳林,2021-02-13,32
192,柳林,2021-02-14,32
192,柳林,2021-02-15,16
192,柳林,2021-02-16,21
192,柳林,2021-02-17,14
192,柳林,2021-02-18,25
192,柳林,2021-02-19,31
192,柳林,2021-02-20,54
192,柳林,2021-02-21,47
192,柳林,2021-02-22,42
192,柳林,2021-02-24,20
192,柳林,2021-02-25,23
192,柳林,2021-02-26,21
192,柳林,2021-02-27,21
192,柳林,2021-02-28,19
192,柳林,2021-03-01,13
192,柳林,2021-03-03,19
192,柳林,2021-03-04,18
192,柳林,2021-03-05,20
192,柳林,2021-03-06,25
192,柳林,2021-03-07,24
192,柳林,2021-03-08,26
192,柳林,2021-03-09,27
192,柳林,2021-03-10,43
192,柳林,2021-03-11,33
192,柳林,2021-03-12,9
192,柳林,2021-03-13,26
192,柳林,2021-03-14,31
192,柳林,2021-03-15,34
192,柳林,2021-03-16,47
192,柳林,2021-03-17,51
192,柳林,2021-03-18,63
192,柳林,2021-03-19,39
192,柳林,2021-03-20,15
192,柳林,2021-03-21,28
192,柳林,2021-03-22,30
192,柳林,2021-03-23,60
192,柳林,2021-03-24,50
192,柳林,2021-03-25,38
192,柳林,2021-03-26,41
192,柳林,2021-03-27,30
192,柳林,2021-03-28,17
192,柳林,2021-03-29,424
192,柳林,2021-03-30,124
192,柳林,2021-03-31,72
192,柳林,2021-04-01,50
192,柳林,2021-04-02,58
192,柳林,2021-04-03,35
192,柳林,2021-04-05,19
192,柳林,2021-04-06,22
192,柳林,2021-04-07,32
192,柳林,2021-04-08,31
192,柳林,2021-04-09,23
